Barcode,sampleid,clusters,group,new_celltype
AAACGAAGTGTCTCCT-1,NECC_C1,2,SNECC_C,FOLR2+ macrophages
AAACGAATCACAAGAA-1,NECC_C1,5,SNECC_C,LAMP3+ mature_dendritic_cells
AAAGAACTCTCGGGAC-1,NECC_C1,1,SNECC_C,THBS1+ monocytes
AAATGGAAGGGCAACT-1,NECC_C1,6,SNECC_C,CLEC12A+ monocytes
AACAACCCATTCACAG-1,NECC_C1,4,SNECC_C,CD20+ B_cells
AACCAACAGGAGCAAA-1,NECC_C1,3,SNECC_C,SPP1+ macrophages
AACCAACGTAGTGATA-1,NECC_C1,6,SNECC_C,CLEC12A+ monocytes
AACCATGAGATTACCC-1,NECC_C1,4,SNECC_C,CD20+ B_cells
AAGAACAAGCAAACAT-1,NECC_C1,5,SNECC_C,LAMP3+ mature_dendritic_cells
AAGACTCAGCTCGTGC-1,NECC_C1,1,SNECC_C,THBS1+ monocytes
AAGGAATAGCCTATCA-1,NECC_C1,2,SNECC_C,FOLR2+ macrophages
AAGTACCCACACTTAG-1,NECC_C1,1,SNECC_C,THBS1+ monocytes
AAGTCGTCACAAGTGG-1,NECC_C1,4,SNECC_C,CD20+ B_cells
AATGCCATCTGACAGT-1,NECC_C1,4,SNECC_C,CD20+ B_cells
AATTCCTGTAATGCGG-1,NECC_C1,2,SNECC_C,FOLR2+ macrophages
AATTTCCGTTGGTACT-1,NECC_C1,2,SNECC_C,FOLR2+ macrophages
ACAACCATCGTTAGTG-1,NECC_C1,4,SNECC_C,CD20+ B_cells
ACACAGTTCATCGCAA-1,NECC_C1,6,SNECC_C,CLEC12A+ monocytes
ACCAAACGTCTTCTAT-1,NECC_C1,2,SNECC_C,FOLR2+ macrophages
ACCAACATCGCGATCG-1,NECC_C1,2,SNECC_C,FOLR2+ macrophages
ACCAACATCGTTAGTG-1,NECC_C1,1,SNECC_C,THBS1+ monocytes
ACCTACCGTTCCAAAC-1,NECC_C1,2,SNECC_C,FOLR2+ macrophages
ACGATGTAGGCCTAAG-1,NECC_C1,5,SNECC_C,LAMP3+ mature_dendritic_cells
ACGGTCGTCCTCGCAT-1,NECC_C1,4,SNECC_C,CD20+ B_cells
ACGGTCGTCTGTGCTC-1,NECC_C1,3,SNECC_C,SPP1+ macrophages
ACGTAGTAGAGAATCT-1,NECC_C1,1,SNECC_C,THBS1+ monocytes
ACGTAGTAGGCGATAC-1,NECC_C1,5,SNECC_C,LAMP3+ mature_dendritic_cells
ACGTAGTTCTATCGTT-1,NECC_C1,5,SNECC_C,LAMP3+ mature_dendritic_cells
ACTATGGCATGTGTCA-1,NECC_C1,5,SNECC_C,LAMP3+ mature_dendritic_cells
ACTGCAAAGCCTAACT-1,NECC_C1,2,SNECC_C,FOLR2+ macrophages
ACTTCCGCAGTCTACA-1,NECC_C1,5,SNECC_C,LAMP3+ mature_dendritic_cells
ACTTTCACATCCGATA-1,NECC_C1,5,SNECC_C,LAMP3+ mature_dendritic_cells
AGAAATGGTAAGTTGA-1,NECC_C1,1,SNECC_C,THBS1+ monocytes
AGAACAATCATCAGTG-1,NECC_C1,2,SNECC_C,FOLR2+ macrophages
AGAACAATCGAAGTGG-1,NECC_C1,3,SNECC_C,SPP1+ macrophages
AGAAGCGAGTGCGCTC-1,NECC_C1,1,SNECC_C,THBS1+ monocytes
AGACCATCACTAAACC-1,NECC_C1,5,SNECC_C,LAMP3+ mature_dendritic_cells
AGATCCACAAGTCATC-1,NECC_C1,5,SNECC_C,LAMP3+ mature_dendritic_cells
AGCATCAGTTGGTGTT-1,NECC_C1,1,SNECC_C,THBS1+ monocytes
AGCCAGCTCACACCGG-1,NECC_C1,1,SNECC_C,THBS1+ monocytes
AGCGCCACACCTGAAT-1,NECC_C1,1,SNECC_C,THBS1+ monocytes
AGCGCCACACGACTAT-1,NECC_C1,6,SNECC_C,CLEC12A+ monocytes
AGCGCCAGTATGTCAC-1,NECC_C1,5,SNECC_C,LAMP3+ mature_dendritic_cells
AGGACGACATTCCTCG-1,NECC_C1,2,SNECC_C,FOLR2+ macrophages
AGGGTCCTCTGTACAG-1,NECC_C1,2,SNECC_C,FOLR2+ macrophages
AGGGTGAAGGGACCAT-1,NECC_C1,5,SNECC_C,LAMP3+ mature_dendritic_cells
AGGTGTTAGGTTTACC-1,NECC_C1,4,SNECC_C,CD20+ B_cells
AGTAACCGTCCACTTC-1,NECC_C1,2,SNECC_C,FOLR2+ macrophages
AGTACCAAGAATCGTA-1,NECC_C1,1,SNECC_C,THBS1+ monocytes
AGTAGTCCAGGTCAAG-1,NECC_C1,1,SNECC_C,THBS1+ monocytes
AGTCATGCAACACGTT-1,NECC_C1,5,SNECC_C,LAMP3+ mature_dendritic_cells
AGTGACTCAGAAATTG-1,NECC_C1,5,SNECC_C,LAMP3+ mature_dendritic_cells
AGTTAGCCAAATGAAC-1,NECC_C1,1,SNECC_C,THBS1+ monocytes
ATACTTCAGCCTGAAG-1,NECC_C1,2,SNECC_C,FOLR2+ macrophages
ATAGGCTTCCTCTCGA-1,NECC_C1,2,SNECC_C,FOLR2+ macrophages
ATCCCTGTCCGTGGGT-1,NECC_C1,6,SNECC_C,CLEC12A+ monocytes
ATCGTCCAGAGCTGCA-1,NECC_C1,1,SNECC_C,THBS1+ monocytes
ATCGTGATCCTTATCA-1,NECC_C1,4,SNECC_C,CD20+ B_cells
ATGATCGGTACCGTGC-1,NECC_C1,5,SNECC_C,LAMP3+ mature_dendritic_cells
ATGCGATTCAAAGGAT-1,NECC_C1,4,SNECC_C,CD20+ B_cells
ATGTCCCAGGCACTCC-1,NECC_C1,1,SNECC_C,THBS1+ monocytes
ATGTCCCTCTTTGGAG-1,NECC_C1,1,SNECC_C,THBS1+ monocytes
ATTCGTTAGACCATAA-1,NECC_C1,3,SNECC_C,SPP1+ macrophages
ATTCGTTAGGTACAGC-1,NECC_C1,5,SNECC_C,LAMP3+ mature_dendritic_cells
ATTCTTGGTAGATCCT-1,NECC_C1,6,SNECC_C,CLEC12A+ monocytes
CAACAACCAACACAGG-1,NECC_C1,1,SNECC_C,THBS1+ monocytes
CAACGATAGATTTGCC-1,NECC_C1,2,SNECC_C,FOLR2+ macrophages
CAACGGCCACATGTTG-1,NECC_C1,5,SNECC_C,LAMP3+ mature_dendritic_cells
CAACGGCGTTGTGCCG-1,NECC_C1,1,SNECC_C,THBS1+ monocytes
CAAGAGGCACCTGCGA-1,NECC_C1,1,SNECC_C,THBS1+ monocytes
CAAGAGGCAGCCGGTT-1,NECC_C1,2,SNECC_C,FOLR2+ macrophages
CACATGAAGGTTAAAC-1,NECC_C1,4,SNECC_C,CD20+ B_cells
CACCAAATCGGAATTC-1,NECC_C1,6,SNECC_C,CLEC12A+ monocytes
CACCGTTAGACTCATC-1,NECC_C1,1,SNECC_C,THBS1+ monocytes
CACCGTTTCGTAGGAG-1,NECC_C1,5,SNECC_C,LAMP3+ mature_dendritic_cells
CACTAAGCACTTTATC-1,NECC_C1,2,SNECC_C,FOLR2+ macrophages
CACTAAGGTGGAATGC-1,NECC_C1,1,SNECC_C,THBS1+ monocytes
CACTGTCTCACGGACC-1,NECC_C1,6,SNECC_C,CLEC12A+ monocytes
CAGAGCCCATGTGTCA-1,NECC_C1,1,SNECC_C,THBS1+ monocytes
CAGTTAGAGGTATAGT-1,NECC_C1,2,SNECC_C,FOLR2+ macrophages
CATAGACGTAATTAGG-1,NECC_C1,4,SNECC_C,CD20+ B_cells
CATCGCTCAAGTCATC-1,NECC_C1,5,SNECC_C,LAMP3+ mature_dendritic_cells
CATGCCTTCCAACCGG-1,NECC_C1,1,SNECC_C,THBS1+ monocytes
CATTGAGAGTGCAACG-1,NECC_C1,1,SNECC_C,THBS1+ monocytes
CATTGAGGTCGCAGTC-1,NECC_C1,2,SNECC_C,FOLR2+ macrophages
CATTGCCGTATGTGTC-1,NECC_C1,3,SNECC_C,SPP1+ macrophages
CCACAAAGTACGCTAT-1,NECC_C1,2,SNECC_C,FOLR2+ macrophages
CCATCACAGATTCGCT-1,NECC_C1,2,SNECC_C,FOLR2+ macrophages
CCCATTGGTCCTTAAG-1,NECC_C1,2,SNECC_C,FOLR2+ macrophages
CCGGGTAAGAGGGCGA-1,NECC_C1,2,SNECC_C,FOLR2+ macrophages
CCTCAACAGACAAGCC-1,NECC_C1,5,SNECC_C,LAMP3+ mature_dendritic_cells
CCTCACACAACTAGAA-1,NECC_C1,2,SNECC_C,FOLR2+ macrophages
CCTCACACAGTGTGCC-1,NECC_C1,5,SNECC_C,LAMP3+ mature_dendritic_cells
CCTCAGTAGGCTCCCA-1,NECC_C1,1,SNECC_C,THBS1+ monocytes
CCTCAGTTCATCGACA-1,NECC_C1,6,SNECC_C,CLEC12A+ monocytes
CCTTCAGGTAGGACTG-1,NECC_C1,1,SNECC_C,THBS1+ monocytes
CCTTGTGCAGTAGATA-1,NECC_C1,5,SNECC_C,LAMP3+ mature_dendritic_cells
CCTTGTGTCATTGAGC-1,NECC_C1,4,SNECC_C,CD20+ B_cells
CGAGGAACAAAGGAGA-1,NECC_C1,5,SNECC_C,LAMP3+ mature_dendritic_cells
CGAGTGCTCCTCACGT-1,NECC_C1,1,SNECC_C,THBS1+ monocytes
CGAGTTATCGACCTAA-1,NECC_C1,1,SNECC_C,THBS1+ monocytes
CGAGTTATCTCCGTGT-1,NECC_C1,5,SNECC_C,LAMP3+ mature_dendritic_cells
CGATCGGCAAGGTCGA-1,NECC_C1,6,SNECC_C,CLEC12A+ monocytes
CGATGCGGTCACCGCA-1,NECC_C1,4,SNECC_C,CD20+ B_cells
CGATGGCCACTGTGAT-1,NECC_C1,1,SNECC_C,THBS1+ monocytes
CGCAGGTGTGGTTTGT-1,NECC_C1,1,SNECC_C,THBS1+ monocytes
CGGAACCCAGGCGTTC-1,NECC_C1,1,SNECC_C,THBS1+ monocytes
CGGAACCTCACGAACT-1,NECC_C1,1,SNECC_C,THBS1+ monocytes
CGGACACAGTTGTCGT-1,NECC_C1,6,SNECC_C,CLEC12A+ monocytes
CGTAAGTAGCTTTCCC-1,NECC_C1,7,SNECC_C,CD123+ plasmacytoid_dendritic_cells
CGTGATACAGGATCTT-1,NECC_C1,6,SNECC_C,CLEC12A+ monocytes
CGTGATAGTTCCTAAG-1,NECC_C1,1,SNECC_C,THBS1+ monocytes
CGTGCTTTCTCTGAGA-1,NECC_C1,2,SNECC_C,FOLR2+ macrophages
CGTTCTGGTCTACACA-1,NECC_C1,1,SNECC_C,THBS1+ monocytes
CTACATTGTGTATACC-1,NECC_C1,5,SNECC_C,LAMP3+ mature_dendritic_cells
CTACCCAAGTGATTCC-1,NECC_C1,5,SNECC_C,LAMP3+ mature_dendritic_cells
CTACTATGTATGCGTT-1,NECC_C1,4,SNECC_C,CD20+ B_cells
CTAGGTATCTGCATGA-1,NECC_C1,4,SNECC_C,CD20+ B_cells
CTATCTAGTTTCGTTT-1,NECC_C1,1,SNECC_C,THBS1+ monocytes
CTCAACCAGCCACAAG-1,NECC_C1,5,SNECC_C,LAMP3+ mature_dendritic_cells
CTCAGTCAGTCACTCA-1,NECC_C1,6,SNECC_C,CLEC12A+ monocytes
CTCATGCGTTAAGCAA-1,NECC_C1,7,SNECC_C,CD123+ plasmacytoid_dendritic_cells
CTCATTACATCGGAAG-1,NECC_C1,5,SNECC_C,LAMP3+ mature_dendritic_cells
CTCCAACCAGTTCTAG-1,NECC_C1,1,SNECC_C,THBS1+ monocytes
CTCCTCCCAGTCACGC-1,NECC_C1,5,SNECC_C,LAMP3+ mature_dendritic_cells
CTCTCAGAGAGAGGGC-1,NECC_C1,1,SNECC_C,THBS1+ monocytes
CTCTCGAAGGTGATAT-1,NECC_C1,1,SNECC_C,THBS1+ monocytes
CTGCAGGCACGGATCC-1,NECC_C1,2,SNECC_C,FOLR2+ macrophages
CTGCATCAGGCTTAGG-1,NECC_C1,5,SNECC_C,LAMP3+ mature_dendritic_cells
CTGCCTACAATTGGTC-1,NECC_C1,1,SNECC_C,THBS1+ monocytes
CTGCCTATCAGTGCGC-1,NECC_C1,2,SNECC_C,FOLR2+ macrophages
CTGCGAGCACCGTGAC-1,NECC_C1,2,SNECC_C,FOLR2+ macrophages
CTTACCGTCCATTGTT-1,NECC_C1,1,SNECC_C,THBS1+ monocytes
CTTCAATTCAACGAGG-1,NECC_C1,6,SNECC_C,CLEC12A+ monocytes
GAAGGGTAGACTCATC-1,NECC_C1,5,SNECC_C,LAMP3+ mature_dendritic_cells
GAATAGAGTGATACCT-1,NECC_C1,2,SNECC_C,FOLR2+ macrophages
GAATCACTCAACGCTA-1,NECC_C1,1,SNECC_C,THBS1+ monocytes
GACACGCCACAACGCC-1,NECC_C1,1,SNECC_C,THBS1+ monocytes
GACACGCGTTAGAGAT-1,NECC_C1,1,SNECC_C,THBS1+ monocytes
GACATCACAAACCACT-1,NECC_C1,5,SNECC_C,LAMP3+ mature_dendritic_cells
GAGACTTCATGAGAAT-1,NECC_C1,2,SNECC_C,FOLR2+ macrophages
GAGAGGTCAATATCCG-1,NECC_C1,1,SNECC_C,THBS1+ monocytes
GAGAGGTCATCGGCCA-1,NECC_C1,2,SNECC_C,FOLR2+ macrophages
GAGCCTGAGCGAATGC-1,NECC_C1,1,SNECC_C,THBS1+ monocytes
GAGTCATTCACCCTGT-1,NECC_C1,1,SNECC_C,THBS1+ monocytes
GATCATGTCCATAGAC-1,NECC_C1,4,SNECC_C,CD20+ B_cells
GATTTCTGTGTTCCTC-1,NECC_C1,3,SNECC_C,SPP1+ macrophages
GCAGCCAGTATTGCCA-1,NECC_C1,2,SNECC_C,FOLR2+ macrophages
GCAGCTGCACATACGT-1,NECC_C1,6,SNECC_C,CLEC12A+ monocytes
GCCAACGCAATAAGGT-1,NECC_C1,1,SNECC_C,THBS1+ monocytes
GCGGAAAGTCGAACGA-1,NECC_C1,1,SNECC_C,THBS1+ monocytes
GCTGAATAGCGAAACC-1,NECC_C1,4,SNECC_C,CD20+ B_cells
GCTGGGTTCGCGTCGA-1,NECC_C1,4,SNECC_C,CD20+ B_cells
GGAGCAACAAACACCT-1,NECC_C1,7,SNECC_C,CD123+ plasmacytoid_dendritic_cells
GGAGGTATCATACAGC-1,NECC_C1,4,SNECC_C,CD20+ B_cells
GGCACGTAGGAACATT-1,NECC_C1,4,SNECC_C,CD20+ B_cells
GGCACGTTCAGCTAGT-1,NECC_C1,1,SNECC_C,THBS1+ monocytes
GGCTTGGGTTGCTCGG-1,NECC_C1,2,SNECC_C,FOLR2+ macrophages
GGCTTTCAGGGATCTG-1,NECC_C1,4,SNECC_C,CD20+ B_cells
GGCTTTCAGTGCACTT-1,NECC_C1,2,SNECC_C,FOLR2+ macrophages
GGGACTCCATGCACTA-1,NECC_C1,5,SNECC_C,LAMP3+ mature_dendritic_cells
GGGTCACAGAGATTCA-1,NECC_C1,1,SNECC_C,THBS1+ monocytes
GGTCTGGGTCATCAGT-1,NECC_C1,1,SNECC_C,THBS1+ monocytes
GGTGAAGGTCAGGAGT-1,NECC_C1,5,SNECC_C,LAMP3+ mature_dendritic_cells
GGTTCTCAGATAGCTA-1,NECC_C1,1,SNECC_C,THBS1+ monocytes
GTAATGCCACGTAGAG-1,NECC_C1,5,SNECC_C,LAMP3+ mature_dendritic_cells
GTAATGCGTTTACTGG-1,NECC_C1,2,SNECC_C,FOLR2+ macrophages
GTAGATCTCGAACCAT-1,NECC_C1,5,SNECC_C,LAMP3+ mature_dendritic_cells
GTCAAACCACGCGCAT-1,NECC_C1,5,SNECC_C,LAMP3+ mature_dendritic_cells
GTCACGGAGAATTCAG-1,NECC_C1,5,SNECC_C,LAMP3+ mature_dendritic_cells
GTCACTCCAATTGCGT-1,NECC_C1,1,SNECC_C,THBS1+ monocytes
GTCATTTCATAAGCGG-1,NECC_C1,2,SNECC_C,FOLR2+ macrophages
GTCGTTCGTGTTGAGG-1,NECC_C1,4,SNECC_C,CD20+ B_cells
GTCTACCTCAAGGTGG-1,NECC_C1,6,SNECC_C,CLEC12A+ monocytes
GTCTCACCATGTCGTA-1,NECC_C1,5,SNECC_C,LAMP3+ mature_dendritic_cells
GTGCAGCCAAATCAGA-1,NECC_C1,1,SNECC_C,THBS1+ monocytes
GTGGAGAGTCCTTTGC-1,NECC_C1,1,SNECC_C,THBS1+ monocytes
GTGGCGTTCTACGCGG-1,NECC_C1,4,SNECC_C,CD20+ B_cells
GTGGTTAGTGACAACG-1,NECC_C1,1,SNECC_C,THBS1+ monocytes
GTGTAACGTCACTAGT-1,NECC_C1,6,SNECC_C,CLEC12A+ monocytes
GTGTTCCGTTGCCGCA-1,NECC_C1,1,SNECC_C,THBS1+ monocytes
GTTAGTGCATAGTCAC-1,NECC_C1,7,SNECC_C,CD123+ plasmacytoid_dendritic_cells
GTTCCGTCAGTATACC-1,NECC_C1,2,SNECC_C,FOLR2+ macrophages
GTTCTATCATCAGTCA-1,NECC_C1,4,SNECC_C,CD20+ B_cells
GTTGTAGAGTACCATC-1,NECC_C1,5,SNECC_C,LAMP3+ mature_dendritic_cells
GTTGTAGGTCTACTGA-1,NECC_C1,2,SNECC_C,FOLR2+ macrophages
GTTGTAGTCGCCTTGT-1,NECC_C1,6,SNECC_C,CLEC12A+ monocytes
TAACCAGGTTGATCGT-1,NECC_C1,1,SNECC_C,THBS1+ monocytes
TAAGCCAAGAACCGCA-1,NECC_C1,2,SNECC_C,FOLR2+ macrophages
TAAGCGTTCCGAAATC-1,NECC_C1,1,SNECC_C,THBS1+ monocytes
TACCGAAAGCTGAGTG-1,NECC_C1,4,SNECC_C,CD20+ B_cells
TACCGGGCAATGAACA-1,NECC_C1,1,SNECC_C,THBS1+ monocytes
TACGCTCAGATTGACA-1,NECC_C1,1,SNECC_C,THBS1+ monocytes
TACGTCCCACTGGCCA-1,NECC_C1,5,SNECC_C,LAMP3+ mature_dendritic_cells
TACTGCCGTATCCTCC-1,NECC_C1,1,SNECC_C,THBS1+ monocytes
TACTTCAGTACTGACT-1,NECC_C1,2,SNECC_C,FOLR2+ macrophages
TAGACCAGTGAACGGT-1,NECC_C1,4,SNECC_C,CD20+ B_cells
TAGACCAGTGCAATAA-1,NECC_C1,2,SNECC_C,FOLR2+ macrophages
TAGACTGAGGGAGGGT-1,NECC_C1,5,SNECC_C,LAMP3+ mature_dendritic_cells
TAGATCGAGGTCTGGA-1,NECC_C1,2,SNECC_C,FOLR2+ macrophages
TAGGTTGGTACGTGAG-1,NECC_C1,2,SNECC_C,FOLR2+ macrophages
TAGTGCACACCTGAAT-1,NECC_C1,1,SNECC_C,THBS1+ monocytes
TAGTGCACAGAGTCAG-1,NECC_C1,5,SNECC_C,LAMP3+ mature_dendritic_cells
TATCCTAAGCGGGTAT-1,NECC_C1,1,SNECC_C,THBS1+ monocytes
TATCCTAGTTCGGTTA-1,NECC_C1,4,SNECC_C,CD20+ B_cells
TATTCCACAAAGGGTC-1,NECC_C1,6,SNECC_C,CLEC12A+ monocytes
TATTTCGTCCCAGTGG-1,NECC_C1,5,SNECC_C,LAMP3+ mature_dendritic_cells
TATTTCGTCCGGGACT-1,NECC_C1,2,SNECC_C,FOLR2+ macrophages
TCAATCTCATATCTCT-1,NECC_C1,4,SNECC_C,CD20+ B_cells
TCAATTCAGTGATAAC-1,NECC_C1,2,SNECC_C,FOLR2+ macrophages
TCACAAGAGCATAGGC-1,NECC_C1,1,SNECC_C,THBS1+ monocytes
TCACGCTGTATGAAGT-1,NECC_C1,5,SNECC_C,LAMP3+ mature_dendritic_cells
TCACGGGGTCGCTGCA-1,NECC_C1,5,SNECC_C,LAMP3+ mature_dendritic_cells
TCAGCCTGTGATACAA-1,NECC_C1,1,SNECC_C,THBS1+ monocytes
TCAGGTAGTCTTCCGT-1,NECC_C1,5,SNECC_C,LAMP3+ mature_dendritic_cells
TCAGTCCCAGGAATCG-1,NECC_C1,2,SNECC_C,FOLR2+ macrophages
TCATGAGCAGGCTATT-1,NECC_C1,1,SNECC_C,THBS1+ monocytes
TCATGCCAGGAGAGGC-1,NECC_C1,1,SNECC_C,THBS1+ monocytes
TCCCACATCTCAAAGC-1,NECC_C1,2,SNECC_C,FOLR2+ macrophages
TCCTCCCCAACCGTGC-1,NECC_C1,2,SNECC_C,FOLR2+ macrophages
TCCTTCTGTTAATCGC-1,NECC_C1,1,SNECC_C,THBS1+ monocytes
TCCTTCTTCATGAAAG-1,NECC_C1,5,SNECC_C,LAMP3+ mature_dendritic_cells
TCGAACACACGTGTGC-1,NECC_C1,1,SNECC_C,THBS1+ monocytes
TCGCTCACATCATCCC-1,NECC_C1,6,SNECC_C,CLEC12A+ monocytes
TCGCTTGCAGAGGCTA-1,NECC_C1,2,SNECC_C,FOLR2+ macrophages
TCGGTCTCACCGCTGA-1,NECC_C1,5,SNECC_C,LAMP3+ mature_dendritic_cells
TCTGGCTAGTATAGAC-1,NECC_C1,2,SNECC_C,FOLR2+ macrophages
TCTTGCGTCAGATGCT-1,NECC_C1,5,SNECC_C,LAMP3+ mature_dendritic_cells
TGAACGTGTCCTCCTA-1,NECC_C1,5,SNECC_C,LAMP3+ mature_dendritic_cells
TGAATGCAGCTAATGA-1,NECC_C1,2,SNECC_C,FOLR2+ macrophages
TGAGGGAGTCTCTCAC-1,NECC_C1,5,SNECC_C,LAMP3+ mature_dendritic_cells
TGATCTTGTTCTTCAT-1,NECC_C1,5,SNECC_C,LAMP3+ mature_dendritic_cells
TGCAGATGTGCATGTT-1,NECC_C1,6,SNECC_C,CLEC12A+ monocytes
TGCAGTACAAAGGCAC-1,NECC_C1,2,SNECC_C,FOLR2+ macrophages
TGCATCCGTCGATTAC-1,NECC_C1,4,SNECC_C,CD20+ B_cells
TGCGGGTCAGCTTCGG-1,NECC_C1,1,SNECC_C,THBS1+ monocytes
TGCTCCATCCATTTGT-1,NECC_C1,1,SNECC_C,THBS1+ monocytes
TGGATCAAGTGTAGTA-1,NECC_C1,4,SNECC_C,CD20+ B_cells
TGGATGTAGGCTGGAT-1,NECC_C1,3,SNECC_C,SPP1+ macrophages
TGGATGTGTCGTCGGT-1,NECC_C1,5,SNECC_C,LAMP3+ mature_dendritic_cells
TGTACAGCAAGCCTGC-1,NECC_C1,7,SNECC_C,CD123+ plasmacytoid_dendritic_cells
TGTCCCAGTTTCGATG-1,NECC_C1,1,SNECC_C,THBS1+ monocytes
TGTGATGCACACGCCA-1,NECC_C1,5,SNECC_C,LAMP3+ mature_dendritic_cells
TGTTACTCAGATTAAG-1,NECC_C1,4,SNECC_C,CD20+ B_cells
TGTTACTTCAACCTCC-1,NECC_C1,4,SNECC_C,CD20+ B_cells
TGTTCTAGTACCGGCT-1,NECC_C1,1,SNECC_C,THBS1+ monocytes
TGTTGAGTCTATTTCG-1,NECC_C1,2,SNECC_C,FOLR2+ macrophages
TTAATCCAGAAGTCCG-1,NECC_C1,4,SNECC_C,CD20+ B_cells
TTCAATCCACCTCTGT-1,NECC_C1,7,SNECC_C,CD123+ plasmacytoid_dendritic_cells
TTCAATCCAGTTAGAA-1,NECC_C1,2,SNECC_C,FOLR2+ macrophages
TTCACGCCAGGATGAC-1,NECC_C1,2,SNECC_C,FOLR2+ macrophages
TTCAGGAAGACCGTTT-1,NECC_C1,1,SNECC_C,THBS1+ monocytes
TTCATGTCATGTCGTA-1,NECC_C1,2,SNECC_C,FOLR2+ macrophages
TTCCTAAGTTAACAGA-1,NECC_C1,1,SNECC_C,THBS1+ monocytes
TTCCTAATCAACACGT-1,NECC_C1,6,SNECC_C,CLEC12A+ monocytes
TTCGCTGTCCATTCGC-1,NECC_C1,2,SNECC_C,FOLR2+ macrophages
TTGACCCAGCGTCTGC-1,NECC_C1,2,SNECC_C,FOLR2+ macrophages
TTGCGTCCACCGCTAG-1,NECC_C1,5,SNECC_C,LAMP3+ mature_dendritic_cells
TTGTGGAAGGTGATAT-1,NECC_C1,6,SNECC_C,CLEC12A+ monocytes
TTGTTCACAGTTAAAG-1,NECC_C1,1,SNECC_C,THBS1+ monocytes
TTTACCAGTCGTTGGC-1,NECC_C1,5,SNECC_C,LAMP3+ mature_dendritic_cells
TTTCACACATGATAGA-1,NECC_C1,1,SNECC_C,THBS1+ monocytes
TTTGATCGTCACCTTC-1,NECC_C1,4,SNECC_C,CD20+ B_cells
TTTGGAGAGACTGAGC-1,NECC_C1,1,SNECC_C,THBS1+ monocytes
TTTGGTTCACTGTTCC-1,NECC_C1,2,SNECC_C,FOLR2+ macrophages
AAAGAACTCTATACTC-2,NECC_E1,1,NECC_E,THBS1+ monocytes
AAAGGGCCACAGTGAG-2,NECC_E1,5,NECC_E,LAMP3+ mature_dendritic_cells
AAAGGGCGTTAGGCTT-2,NECC_E1,2,NECC_E,FOLR2+ macrophages
AAAGGTAGTGGTACAG-2,NECC_E1,1,NECC_E,THBS1+ monocytes
AACAGGGCATTAAGCC-2,NECC_E1,4,NECC_E,CD20+ B_cells
AACCAACAGCCTCACG-2,NECC_E1,5,NECC_E,LAMP3+ mature_dendritic_cells
AACCCAACAGGCTATT-2,NECC_E1,1,NECC_E,THBS1+ monocytes
AACCCAAGTCCTGTCT-2,NECC_E1,1,NECC_E,THBS1+ monocytes
AAGCATCTCGGTCGAC-2,NECC_E1,3,NECC_E,SPP1+ macrophages
AAGTCGTTCCGCGGAT-2,NECC_E1,2,NECC_E,FOLR2+ macrophages
AATCGACTCTTCCGTG-2,NECC_E1,3,NECC_E,SPP1+ macrophages
AATTTCCTCTAACGCA-2,NECC_E1,4,NECC_E,CD20+ B_cells
ACATGCAAGCCTCAGC-2,NECC_E1,4,NECC_E,CD20+ B_cells
ACATTTCAGGCGTTAG-2,NECC_E1,5,NECC_E,LAMP3+ mature_dendritic_cells
ACATTTCCACTGGCCA-2,NECC_E1,1,NECC_E,THBS1+ monocytes
ACCTGAAAGGTACAGC-2,NECC_E1,4,NECC_E,CD20+ B_cells
ACGATGTAGGCAGGGA-2,NECC_E1,2,NECC_E,FOLR2+ macrophages
ACGATGTAGTCAGGGT-2,NECC_E1,3,NECC_E,SPP1+ macrophages
AGACACTCATACCGTA-2,NECC_E1,2,NECC_E,FOLR2+ macrophages
AGATGCTTCCACGGGT-2,NECC_E1,1,NECC_E,THBS1+ monocytes
AGCCACGTCTCGCTCA-2,NECC_E1,4,NECC_E,CD20+ B_cells
AGCCAGCAGATGCCGA-2,NECC_E1,1,NECC_E,THBS1+ monocytes
AGCGATTAGCACACCC-2,NECC_E1,4,NECC_E,CD20+ B_cells
AGCGCCATCGCGTTTC-2,NECC_E1,4,NECC_E,CD20+ B_cells
AGGAATAGTGTACATC-2,NECC_E1,1,NECC_E,THBS1+ monocytes
AGGATCTAGCCTCTTC-2,NECC_E1,3,NECC_E,SPP1+ macrophages
AGGTCATCACACTGGC-2,NECC_E1,1,NECC_E,THBS1+ monocytes
AGTAGTCGTTGCCGCA-2,NECC_E1,1,NECC_E,THBS1+ monocytes
AGTGATCCATACACCA-2,NECC_E1,4,NECC_E,CD20+ B_cells
AGTTCGAAGAGAGCGG-2,NECC_E1,3,NECC_E,SPP1+ macrophages
ATACCTTAGAGAGCAA-2,NECC_E1,3,NECC_E,SPP1+ macrophages
ATACTTCAGGAACGAA-2,NECC_E1,1,NECC_E,THBS1+ monocytes
ATAGAGAGTTCCGCAG-2,NECC_E1,2,NECC_E,FOLR2+ macrophages
ATCACTTAGAGCCATG-2,NECC_E1,1,NECC_E,THBS1+ monocytes
ATCACTTAGCATTGAA-2,NECC_E1,2,NECC_E,FOLR2+ macrophages
ATCATTCGTTGAATCC-2,NECC_E1,1,NECC_E,THBS1+ monocytes
ATGGAGGCAACGGCTC-2,NECC_E1,2,NECC_E,FOLR2+ macrophages
ATGGTTGTCTTCGCTG-2,NECC_E1,1,NECC_E,THBS1+ monocytes
ATTGGGTCAGACCCGT-2,NECC_E1,3,NECC_E,SPP1+ macrophages
ATTTACCAGAATTCAG-2,NECC_E1,4,NECC_E,CD20+ B_cells
CAAGCTAGTGCAATGG-2,NECC_E1,3,NECC_E,SPP1+ macrophages
CACAACAAGTGGTGAC-2,NECC_E1,3,NECC_E,SPP1+ macrophages
CACGGGTCAAATAGCA-2,NECC_E1,1,NECC_E,THBS1+ monocytes
CAGATCACAGCGACAA-2,NECC_E1,3,NECC_E,SPP1+ macrophages
CAGTTAGCAGAACCGA-2,NECC_E1,4,NECC_E,CD20+ B_cells
CATCGTCAGTGAACAT-2,NECC_E1,3,NECC_E,SPP1+ macrophages
CATGCCTAGGCGAACT-2,NECC_E1,2,NECC_E,FOLR2+ macrophages
CATGCCTCAGTCGGTC-2,NECC_E1,2,NECC_E,FOLR2+ macrophages
CATTTCACATTCGATG-2,NECC_E1,2,NECC_E,FOLR2+ macrophages
CCAAGCGGTACGTTCA-2,NECC_E1,3,NECC_E,SPP1+ macrophages
CCCATTGTCTTGCAAG-2,NECC_E1,4,NECC_E,CD20+ B_cells
CCCGGAAAGCGGGTTA-2,NECC_E1,3,NECC_E,SPP1+ macrophages
CCCGGAACAATATCCG-2,NECC_E1,2,NECC_E,FOLR2+ macrophages
CCGGTGACACGCTTAA-2,NECC_E1,4,NECC_E,CD20+ B_cells
CCTAACCAGAGAGGTA-2,NECC_E1,3,NECC_E,SPP1+ macrophages
CCTATCGAGTAGGGTC-2,NECC_E1,5,NECC_E,LAMP3+ mature_dendritic_cells
CGTAAGTAGGTTCAGG-2,NECC_E1,4,NECC_E,CD20+ B_cells
CGTGCTTCACTCAGAT-2,NECC_E1,1,NECC_E,THBS1+ monocytes
CTAACCCTCTCGAGTA-2,NECC_E1,3,NECC_E,SPP1+ macrophages
CTACCCACAAGTTTGC-2,NECC_E1,3,NECC_E,SPP1+ macrophages
CTACGGGGTGGTCTGC-2,NECC_E1,7,NECC_E,CD123+ plasmacytoid_dendritic_cells
CTAGACAAGTTGTCGT-2,NECC_E1,7,NECC_E,CD123+ plasmacytoid_dendritic_cells
CTCAACCGTATGCTAC-2,NECC_E1,2,NECC_E,FOLR2+ macrophages
CTCATCGGTCAACATC-2,NECC_E1,4,NECC_E,CD20+ B_cells
CTCATTAAGGGAGTTC-2,NECC_E1,1,NECC_E,THBS1+ monocytes
CTCCTTTCATATCTCT-2,NECC_E1,7,NECC_E,CD123+ plasmacytoid_dendritic_cells
CTCTCGAAGGGCGAGA-2,NECC_E1,2,NECC_E,FOLR2+ macrophages
CTGATCCAGGTGATCG-2,NECC_E1,1,NECC_E,THBS1+ monocytes
CTGGTCTCAATGCAGG-2,NECC_E1,3,NECC_E,SPP1+ macrophages
CTGTAGAGTGCCGGTT-2,NECC_E1,2,NECC_E,FOLR2+ macrophages
CTTCGGTCAGCGTTGC-2,NECC_E1,6,NECC_E,CLEC12A+ monocytes
CTTCTCTGTTGCCGAC-2,NECC_E1,4,NECC_E,CD20+ B_cells
GAAGAATAGTCATGAA-2,NECC_E1,5,NECC_E,LAMP3+ mature_dendritic_cells
GAAGGACCAAATCGTC-2,NECC_E1,4,NECC_E,CD20+ B_cells
GAGACCCCATGTTTGG-2,NECC_E1,4,NECC_E,CD20+ B_cells
GAGACTTAGGAGTACC-2,NECC_E1,4,NECC_E,CD20+ B_cells
GAGAGGTGTTCCGCAG-2,NECC_E1,5,NECC_E,LAMP3+ mature_dendritic_cells
GAGGGATGTGTTTGCA-2,NECC_E1,1,NECC_E,THBS1+ monocytes
GAGTGAGTCTACACAG-2,NECC_E1,4,NECC_E,CD20+ B_cells
GATGACTGTCTTGAAC-2,NECC_E1,7,NECC_E,CD123+ plasmacytoid_dendritic_cells
GATGTTGGTATACCCA-2,NECC_E1,4,NECC_E,CD20+ B_cells
GATTTCTCAGCTGAAG-2,NECC_E1,4,NECC_E,CD20+ B_cells
GATTTCTTCTTAGTTC-2,NECC_E1,7,NECC_E,CD123+ plasmacytoid_dendritic_cells
GCAGCTGCATACTGTG-2,NECC_E1,3,NECC_E,SPP1+ macrophages
GCATCTCGTCTCTCTG-2,NECC_E1,5,NECC_E,LAMP3+ mature_dendritic_cells
GCCAGGTTCGTTCGCT-2,NECC_E1,5,NECC_E,LAMP3+ mature_dendritic_cells
GCCATGGAGGGCTGAT-2,NECC_E1,4,NECC_E,CD20+ B_cells
GCCCAGACATGAGATA-2,NECC_E1,4,NECC_E,CD20+ B_cells
GCTACAACACTCTAGA-2,NECC_E1,1,NECC_E,THBS1+ monocytes
GCTGAATAGTTGCATC-2,NECC_E1,3,NECC_E,SPP1+ macrophages
GCTTTCGAGCGTACAG-2,NECC_E1,2,NECC_E,FOLR2+ macrophages
GGAATCTAGCGAGTCA-2,NECC_E1,1,NECC_E,THBS1+ monocytes
GGCAGTCAGCTCGACC-2,NECC_E1,1,NECC_E,THBS1+ monocytes
GGGACAAGTTAGGCCC-2,NECC_E1,2,NECC_E,FOLR2+ macrophages
GGGACTCAGATAGTCA-2,NECC_E1,2,NECC_E,FOLR2+ macrophages
GGGACTCGTAATCAAG-2,NECC_E1,1,NECC_E,THBS1+ monocytes
GGGCTACTCAGCCCAG-2,NECC_E1,4,NECC_E,CD20+ B_cells
GGGTTATTCCGGACGT-2,NECC_E1,2,NECC_E,FOLR2+ macrophages
GGTCACGAGATCCCGC-2,NECC_E1,1,NECC_E,THBS1+ monocytes
GTCACGGCACGTCGTG-2,NECC_E1,1,NECC_E,THBS1+ monocytes
GTCATCCTCCTGCTAC-2,NECC_E1,7,NECC_E,CD123+ plasmacytoid_dendritic_cells
GTCATGACACGCGCAT-2,NECC_E1,1,NECC_E,THBS1+ monocytes
GTCATGACACTTGTGA-2,NECC_E1,4,NECC_E,CD20+ B_cells
GTCATTTTCGACATCA-2,NECC_E1,2,NECC_E,FOLR2+ macrophages
GTCCTCAGTGCGACAA-2,NECC_E1,3,NECC_E,SPP1+ macrophages
GTCGTTCAGGTATCTC-2,NECC_E1,4,NECC_E,CD20+ B_cells
GTGAGTTCAACATCGT-2,NECC_E1,4,NECC_E,CD20+ B_cells
GTGCTGGTCTGGTGCG-2,NECC_E1,3,NECC_E,SPP1+ macrophages
GTGCTTCTCTCACTCG-2,NECC_E1,1,NECC_E,THBS1+ monocytes
GTGGAGAAGTATGATG-2,NECC_E1,1,NECC_E,THBS1+ monocytes
GTGTAACCAAGGAGTC-2,NECC_E1,3,NECC_E,SPP1+ macrophages
GTGTGATAGACGCTCC-2,NECC_E1,1,NECC_E,THBS1+ monocytes
GTGTGGCTCACTTCTA-2,NECC_E1,4,NECC_E,CD20+ B_cells
GTTAGTGTCCACTGGG-2,NECC_E1,7,NECC_E,CD123+ plasmacytoid_dendritic_cells
GTTTGGAGTAGGGAGG-2,NECC_E1,3,NECC_E,SPP1+ macrophages
TAACCAGAGGATGTTA-2,NECC_E1,1,NECC_E,THBS1+ monocytes
TAACCAGTCTCAAAGC-2,NECC_E1,1,NECC_E,THBS1+ monocytes
TAAGCACTCGGTCACG-2,NECC_E1,4,NECC_E,CD20+ B_cells
TAATTCCGTAATCAGA-2,NECC_E1,4,NECC_E,CD20+ B_cells
TACCCACTCCTCACGT-2,NECC_E1,4,NECC_E,CD20+ B_cells
TACCCGTCACTACGGC-2,NECC_E1,5,NECC_E,LAMP3+ mature_dendritic_cells
TACGCTCTCCACAGGC-2,NECC_E1,4,NECC_E,CD20+ B_cells
TACTGCCAGTTCGGTT-2,NECC_E1,5,NECC_E,LAMP3+ mature_dendritic_cells
TATCCTAAGTAGGGTC-2,NECC_E1,1,NECC_E,THBS1+ monocytes
TCACGGGCACAAGCAG-2,NECC_E1,4,NECC_E,CD20+ B_cells
TCACTCGAGTATGGAT-2,NECC_E1,5,NECC_E,LAMP3+ mature_dendritic_cells
TCATGGATCGTGTGGC-2,NECC_E1,2,NECC_E,FOLR2+ macrophages
TCATTACCACACACTA-2,NECC_E1,1,NECC_E,THBS1+ monocytes
TCCAGAATCGAGATGG-2,NECC_E1,5,NECC_E,LAMP3+ mature_dendritic_cells
TCCATCGGTTAAGAAC-2,NECC_E1,1,NECC_E,THBS1+ monocytes
TCCGAAAGTCGTATTG-2,NECC_E1,5,NECC_E,LAMP3+ mature_dendritic_cells
TCCTCTTGTTGTCATG-2,NECC_E1,5,NECC_E,LAMP3+ mature_dendritic_cells
TCGAAGTAGCATTTCG-2,NECC_E1,4,NECC_E,CD20+ B_cells
TCGCTCAGTGTCACAT-2,NECC_E1,1,NECC_E,THBS1+ monocytes
TCGGATACAAGGCCTC-2,NECC_E1,1,NECC_E,THBS1+ monocytes
TCGGTCTTCTGCGTCT-2,NECC_E1,4,NECC_E,CD20+ B_cells
TCTAACTCAAAGAACT-2,NECC_E1,2,NECC_E,FOLR2+ macrophages
TCTAACTCAATCAAGA-2,NECC_E1,5,NECC_E,LAMP3+ mature_dendritic_cells
TCTACATCAATTGCGT-2,NECC_E1,4,NECC_E,CD20+ B_cells
TCTACCGCAAGGTCTT-2,NECC_E1,4,NECC_E,CD20+ B_cells
TCTTGCGCACACGGTC-2,NECC_E1,4,NECC_E,CD20+ B_cells
TGATCTTTCCACCTGT-2,NECC_E1,1,NECC_E,THBS1+ monocytes
TGATTTCGTTGCTCGG-2,NECC_E1,2,NECC_E,FOLR2+ macrophages
TGCACGGGTTAATCGC-2,NECC_E1,4,NECC_E,CD20+ B_cells
TGCTGAATCGGATAAA-2,NECC_E1,1,NECC_E,THBS1+ monocytes
TGGAGGAGTCGGTAAG-2,NECC_E1,4,NECC_E,CD20+ B_cells
TGGGTTAGTTATTCTC-2,NECC_E1,1,NECC_E,THBS1+ monocytes
TGGGTTATCCCTGTTG-2,NECC_E1,4,NECC_E,CD20+ B_cells
TGTAACGCACTAGTAC-2,NECC_E1,5,NECC_E,LAMP3+ mature_dendritic_cells
TGTGAGTGTACACTCA-2,NECC_E1,7,NECC_E,CD123+ plasmacytoid_dendritic_cells
TGTGATGGTGCCGAAA-2,NECC_E1,3,NECC_E,SPP1+ macrophages
TGTGTGATCGACCTAA-2,NECC_E1,4,NECC_E,CD20+ B_cells
TGTTCTAAGGTAGTCG-2,NECC_E1,3,NECC_E,SPP1+ macrophages
TTACGTTGTAAGGCCA-2,NECC_E1,5,NECC_E,LAMP3+ mature_dendritic_cells
TTCATTGGTCCTACAA-2,NECC_E1,2,NECC_E,FOLR2+ macrophages
TTCCAATTCCCTTCCC-2,NECC_E1,4,NECC_E,CD20+ B_cells
TTCGATTAGGAGATAG-2,NECC_E1,4,NECC_E,CD20+ B_cells
TTCTTGAAGCAGAAAG-2,NECC_E1,2,NECC_E,FOLR2+ macrophages
TTGGGATTCGCTGTTC-2,NECC_E1,1,NECC_E,THBS1+ monocytes
TTGGTTTAGCAGTAAT-2,NECC_E1,5,NECC_E,LAMP3+ mature_dendritic_cells
TTGGTTTTCTGTTCAT-2,NECC_E1,1,NECC_E,THBS1+ monocytes
TTTACCAAGAATCCCT-2,NECC_E1,2,NECC_E,FOLR2+ macrophages
TTTCATGAGCCACTCG-2,NECC_E1,1,NECC_E,THBS1+ monocytes
TTTCCTCTCGTTGCCT-2,NECC_E1,2,NECC_E,FOLR2+ macrophages
TTTCGATAGACCATTC-2,NECC_E1,5,NECC_E,LAMP3+ mature_dendritic_cells
AAACCCAGTACAGCGA-3,NECC_C2,1,NECC_C,THBS1+ monocytes
AAAGGTACAGCTGCCA-3,NECC_C2,2,NECC_C,FOLR2+ macrophages
AAAGTCCTCTGGCTGG-3,NECC_C2,1,NECC_C,THBS1+ monocytes
AACAACCGTCCAACGC-3,NECC_C2,1,NECC_C,THBS1+ monocytes
AACACACAGAGTTGCG-3,NECC_C2,6,NECC_C,CLEC12A+ monocytes
AACCTTTAGGTTCTTG-3,NECC_C2,1,NECC_C,THBS1+ monocytes
AACGAAACACAACGAG-3,NECC_C2,1,NECC_C,THBS1+ monocytes
AACGAAAGTTACCCAA-3,NECC_C2,4,NECC_C,CD20+ B_cells
AACGGGAGTGTTCGAT-3,NECC_C2,5,NECC_C,LAMP3+ mature_dendritic_cells
AACGGGATCCCGTGAG-3,NECC_C2,5,NECC_C,LAMP3+ mature_dendritic_cells
AACGGGATCGCTCATC-3,NECC_C2,2,NECC_C,FOLR2+ macrophages
AAGACAAGTGGCATCC-3,NECC_C2,2,NECC_C,FOLR2+ macrophages
AAGCATCTCAGCCTCT-3,NECC_C2,6,NECC_C,CLEC12A+ monocytes
AAGCGTTAGGCACTAG-3,NECC_C2,4,NECC_C,CD20+ B_cells
AAGCGTTCAAGAAACT-3,NECC_C2,1,NECC_C,THBS1+ monocytes
AAGTACCTCATTACGG-3,NECC_C2,1,NECC_C,THBS1+ monocytes
AAGTCGTAGGACTAAT-3,NECC_C2,1,NECC_C,THBS1+ monocytes
AAGTCGTAGGTTAAAC-3,NECC_C2,2,NECC_C,FOLR2+ macrophages
AAGTTCGGTATGCGGA-3,NECC_C2,6,NECC_C,CLEC12A+ monocytes
AATAGAGGTTAAACCC-3,NECC_C2,4,NECC_C,CD20+ B_cells
AATAGAGTCTAGTGTG-3,NECC_C2,6,NECC_C,CLEC12A+ monocytes
AATCGACAGGAAACGA-3,NECC_C2,1,NECC_C,THBS1+ monocytes
AATGAAGTCAAGTAAG-3,NECC_C2,1,NECC_C,THBS1+ monocytes
AATGACCTCAACCTCC-3,NECC_C2,1,NECC_C,THBS1+ monocytes
AATGCCATCACCTGGG-3,NECC_C2,2,NECC_C,FOLR2+ macrophages
AATGCCATCAGACTGT-3,NECC_C2,6,NECC_C,CLEC12A+ monocytes
AATGGAATCGGATTAC-3,NECC_C2,1,NECC_C,THBS1+ monocytes
AATTCCTCAACGACAG-3,NECC_C2,1,NECC_C,THBS1+ monocytes
ACAAGCTCACGTATAC-3,NECC_C2,2,NECC_C,FOLR2+ macrophages
ACACAGTCAATGCAAA-3,NECC_C2,5,NECC_C,LAMP3+ mature_dendritic_cells
ACACCAACATGAATCC-3,NECC_C2,1,NECC_C,THBS1+ monocytes
ACAGAAAAGCTCCATA-3,NECC_C2,6,NECC_C,CLEC12A+ monocytes
ACAGGGATCGCAAGAG-3,NECC_C2,1,NECC_C,THBS1+ monocytes
ACATCCCAGAGGCCAT-3,NECC_C2,1,NECC_C,THBS1+ monocytes
ACATCCCAGCAGCAGT-3,NECC_C2,1,NECC_C,THBS1+ monocytes
ACATCCCAGGTTCACT-3,NECC_C2,7,NECC_C,CD123+ plasmacytoid_dendritic_cells
ACATCGATCTTTCTAG-3,NECC_C2,1,NECC_C,THBS1+ monocytes
ACCAAACAGGTGTGAC-3,NECC_C2,1,NECC_C,THBS1+ monocytes
ACCAAACTCGCGTGCA-3,NECC_C2,6,NECC_C,CLEC12A+ monocytes
ACCAACACAGTTCACA-3,NECC_C2,5,NECC_C,LAMP3+ mature_dendritic_cells
ACCATTTTCGTCGGGT-3,NECC_C2,1,NECC_C,THBS1+ monocytes
ACCCTTGGTCATTCCC-3,NECC_C2,1,NECC_C,THBS1+ monocytes
ACCGTTCAGTTGTCGT-3,NECC_C2,1,NECC_C,THBS1+ monocytes
ACCGTTCGTTTGGAAA-3,NECC_C2,1,NECC_C,THBS1+ monocytes
ACCTGAAAGATTAGAC-3,NECC_C2,2,NECC_C,FOLR2+ macrophages
ACCTGTCGTCGACGCT-3,NECC_C2,3,NECC_C,SPP1+ macrophages
ACGATCATCAACACCA-3,NECC_C2,1,NECC_C,THBS1+ monocytes
ACGATGTGTTATGTGC-3,NECC_C2,2,NECC_C,FOLR2+ macrophages
ACGGTTAGTGCTCGTG-3,NECC_C2,1,NECC_C,THBS1+ monocytes
ACGTTCCCATGACCCG-3,NECC_C2,1,NECC_C,THBS1+ monocytes
ACTACGAAGCGTGAAC-3,NECC_C2,2,NECC_C,FOLR2+ macrophages
ACTATCTGTATGGTTC-3,NECC_C2,1,NECC_C,THBS1+ monocytes
ACTATGGAGCTCGAAG-3,NECC_C2,2,NECC_C,FOLR2+ macrophages
ACTATGGAGGATTTAG-3,NECC_C2,2,NECC_C,FOLR2+ macrophages
ACTATGGTCCGACGGT-3,NECC_C2,6,NECC_C,CLEC12A+ monocytes
ACTATTCAGACGGAAA-3,NECC_C2,2,NECC_C,FOLR2+ macrophages
ACTATTCGTCGCAACC-3,NECC_C2,1,NECC_C,THBS1+ monocytes
ACTATTCTCGGCTGGT-3,NECC_C2,6,NECC_C,CLEC12A+ monocytes
ACTCCCATCCCGTTCA-3,NECC_C2,4,NECC_C,CD20+ B_cells
ACTCTCGTCGAGGCAA-3,NECC_C2,1,NECC_C,THBS1+ monocytes
ACTGCAATCGGTTGTA-3,NECC_C2,5,NECC_C,LAMP3+ mature_dendritic_cells
ACTGTGAAGCCTTGAT-3,NECC_C2,6,NECC_C,CLEC12A+ monocytes
ACTGTGACATAACGGG-3,NECC_C2,4,NECC_C,CD20+ B_cells
ACTTTCAAGCAACCAG-3,NECC_C2,2,NECC_C,FOLR2+ macrophages
ACTTTGTCAACGTATC-3,NECC_C2,1,NECC_C,THBS1+ monocytes
ACTTTGTCAAGCGCTC-3,NECC_C2,6,NECC_C,CLEC12A+ monocytes
AGAAATGAGACGTCCC-3,NECC_C2,1,NECC_C,THBS1+ monocytes
AGAAATGTCGTTCTAT-3,NECC_C2,1,NECC_C,THBS1+ monocytes
AGAACCTAGCCTGAGA-3,NECC_C2,1,NECC_C,THBS1+ monocytes
AGAAGCGGTCCGGTGT-3,NECC_C2,1,NECC_C,THBS1+ monocytes
AGACAGGAGTCGCTAT-3,NECC_C2,5,NECC_C,LAMP3+ mature_dendritic_cells
AGACAGGAGTGTTGTC-3,NECC_C2,1,NECC_C,THBS1+ monocytes
AGACAGGGTGTTAAAG-3,NECC_C2,1,NECC_C,THBS1+ monocytes
AGACCCGCAGTCCGTG-3,NECC_C2,4,NECC_C,CD20+ B_cells
AGACCCGTCAGTCATG-3,NECC_C2,6,NECC_C,CLEC12A+ monocytes
AGACTCAAGGGTAGCT-3,NECC_C2,1,NECC_C,THBS1+ monocytes
AGAGAATCATGGCCAC-3,NECC_C2,6,NECC_C,CLEC12A+ monocytes
AGAGCAGGTTCCAAAC-3,NECC_C2,1,NECC_C,THBS1+ monocytes
AGATAGAAGGTCATAA-3,NECC_C2,1,NECC_C,THBS1+ monocytes
AGATAGACAGCTCTGG-3,NECC_C2,5,NECC_C,LAMP3+ mature_dendritic_cells
AGATCCATCCGTGGTG-3,NECC_C2,2,NECC_C,FOLR2+ macrophages
AGATCGTAGAGAGGTA-3,NECC_C2,5,NECC_C,LAMP3+ mature_dendritic_cells
AGATCGTTCAGCTCTC-3,NECC_C2,2,NECC_C,FOLR2+ macrophages
AGATGAAAGCTAAGTA-3,NECC_C2,1,NECC_C,THBS1+ monocytes
AGATGAACAGACATCT-3,NECC_C2,1,NECC_C,THBS1+ monocytes
AGATGCTCAAGTAGTA-3,NECC_C2,2,NECC_C,FOLR2+ macrophages
AGCCAATGTGTCTTAG-3,NECC_C2,2,NECC_C,FOLR2+ macrophages
AGCCAATTCGAAGCCC-3,NECC_C2,1,NECC_C,THBS1+ monocytes
AGCCACGGTAAGTCAA-3,NECC_C2,2,NECC_C,FOLR2+ macrophages
AGCCACGTCGTAGCTA-3,NECC_C2,1,NECC_C,THBS1+ monocytes
AGCCAGCCATCGCTGG-3,NECC_C2,1,NECC_C,THBS1+ monocytes
AGCCAGCGTGAGACGT-3,NECC_C2,1,NECC_C,THBS1+ monocytes
AGCGCCATCATGTCAG-3,NECC_C2,5,NECC_C,LAMP3+ mature_dendritic_cells
AGCGTATCAGTGTATC-3,NECC_C2,1,NECC_C,THBS1+ monocytes
AGCGTCGGTTAAGCAA-3,NECC_C2,1,NECC_C,THBS1+ monocytes
AGCTACACAAGACTGG-3,NECC_C2,1,NECC_C,THBS1+ monocytes
AGCTCAAGTTATCTGG-3,NECC_C2,2,NECC_C,FOLR2+ macrophages
AGGAAATGTTGCATTG-3,NECC_C2,1,NECC_C,THBS1+ monocytes
AGGCCACTCGAGTTGT-3,NECC_C2,3,NECC_C,SPP1+ macrophages
AGGCCACTCGTCCTCA-3,NECC_C2,2,NECC_C,FOLR2+ macrophages
AGGCTGCGTTGTATGC-3,NECC_C2,5,NECC_C,LAMP3+ mature_dendritic_cells
AGGGAGTAGTCCCGAC-3,NECC_C2,3,NECC_C,SPP1+ macrophages
AGGGAGTTCCGTGGGT-3,NECC_C2,5,NECC_C,LAMP3+ mature_dendritic_cells
AGGGCTCCACTGTGAT-3,NECC_C2,6,NECC_C,CLEC12A+ monocytes
AGGGCTCTCTCTGGTC-3,NECC_C2,1,NECC_C,THBS1+ monocytes
AGGGTGAGTTACACAC-3,NECC_C2,1,NECC_C,THBS1+ monocytes
AGGGTTTAGCGAAACC-3,NECC_C2,5,NECC_C,LAMP3+ mature_dendritic_cells
AGGTAGGGTCATAACC-3,NECC_C2,7,NECC_C,CD123+ plasmacytoid_dendritic_cells
AGGTTACTCCGGCAGT-3,NECC_C2,2,NECC_C,FOLR2+ macrophages
AGGTTACTCGAAGCCC-3,NECC_C2,2,NECC_C,FOLR2+ macrophages
AGGTTGTAGGGAGGCA-3,NECC_C2,4,NECC_C,CD20+ B_cells
AGGTTGTGTACGGGAT-3,NECC_C2,2,NECC_C,FOLR2+ macrophages
AGTACCAAGTGTACAA-3,NECC_C2,1,NECC_C,THBS1+ monocytes
AGTAGCTTCTCGCAGG-3,NECC_C2,1,NECC_C,THBS1+ monocytes
AGTCAACGTTAAGAAC-3,NECC_C2,1,NECC_C,THBS1+ monocytes
AGTCACACAACTTGCA-3,NECC_C2,5,NECC_C,LAMP3+ mature_dendritic_cells
AGTGCCGGTTTCGACA-3,NECC_C2,2,NECC_C,FOLR2+ macrophages
AGTGCCGTCCTTATGT-3,NECC_C2,1,NECC_C,THBS1+ monocytes
AGTTCCCTCCCGGTAG-3,NECC_C2,2,NECC_C,FOLR2+ macrophages
ATACCGACATTCTCCG-3,NECC_C2,1,NECC_C,THBS1+ monocytes
ATAGAGACAACGCATT-3,NECC_C2,1,NECC_C,THBS1+ monocytes
ATAGAGATCATGTCAG-3,NECC_C2,1,NECC_C,THBS1+ monocytes
ATCACAGTCTAAGCCA-3,NECC_C2,2,NECC_C,FOLR2+ macrophages
ATCAGGTGTATGAGAT-3,NECC_C2,4,NECC_C,CD20+ B_cells
ATCAGGTTCGCACGAC-3,NECC_C2,1,NECC_C,THBS1+ monocytes
ATCATTCCATGGTACT-3,NECC_C2,1,NECC_C,THBS1+ monocytes
ATCATTCGTGCGAGTA-3,NECC_C2,1,NECC_C,THBS1+ monocytes
ATCATTCTCCTGTAGA-3,NECC_C2,1,NECC_C,THBS1+ monocytes
ATCCCTGAGAGGTCAC-3,NECC_C2,1,NECC_C,THBS1+ monocytes
ATCCGTCTCGAGTCCG-3,NECC_C2,1,NECC_C,THBS1+ monocytes
ATCGGCGAGTATAGGT-3,NECC_C2,2,NECC_C,FOLR2+ macrophages
ATCGGCGCATCGGAAG-3,NECC_C2,1,NECC_C,THBS1+ monocytes
ATCGGCGCATGAGGGT-3,NECC_C2,6,NECC_C,CLEC12A+ monocytes
ATCGGCGTCGATAACC-3,NECC_C2,1,NECC_C,THBS1+ monocytes
ATCGTCCAGTCCCTAA-3,NECC_C2,1,NECC_C,THBS1+ monocytes
ATCTCTACAGGACATG-3,NECC_C2,1,NECC_C,THBS1+ monocytes
ATCTTCACACCAGACC-3,NECC_C2,5,NECC_C,LAMP3+ mature_dendritic_cells
ATGAAAGCAAACAGGC-3,NECC_C2,5,NECC_C,LAMP3+ mature_dendritic_cells
ATGAGGGTCCCATAGA-3,NECC_C2,1,NECC_C,THBS1+ monocytes
ATGCCTCAGCATCCCG-3,NECC_C2,1,NECC_C,THBS1+ monocytes
ATGGAGGCATTGAAGA-3,NECC_C2,1,NECC_C,THBS1+ monocytes
ATGGGAGGTTCCACAA-3,NECC_C2,1,NECC_C,THBS1+ monocytes
ATGGGTTAGGTGCTTT-3,NECC_C2,1,NECC_C,THBS1+ monocytes
ATTACCTCATCGGAGA-3,NECC_C2,5,NECC_C,LAMP3+ mature_dendritic_cells
ATTACTCTCACCTACC-3,NECC_C2,1,NECC_C,THBS1+ monocytes
ATTCATCGTTGAGGAC-3,NECC_C2,2,NECC_C,FOLR2+ macrophages
ATTCCATTCTGGTCAA-3,NECC_C2,2,NECC_C,FOLR2+ macrophages
ATTCTTGCAGCACAGA-3,NECC_C2,1,NECC_C,THBS1+ monocytes
ATTCTTGTCGATCCCT-3,NECC_C2,2,NECC_C,FOLR2+ macrophages
ATTGTTCCATGACAGG-3,NECC_C2,1,NECC_C,THBS1+ monocytes
CAAAGAAAGTATGCAA-3,NECC_C2,2,NECC_C,FOLR2+ macrophages
CAACAGTTCGTAGTCA-3,NECC_C2,4,NECC_C,CD20+ B_cells
CAACCTCTCCACTAGA-3,NECC_C2,6,NECC_C,CLEC12A+ monocytes
CAACGATCAGACACAG-3,NECC_C2,6,NECC_C,CLEC12A+ monocytes
CAAGACTTCATTTGCT-3,NECC_C2,2,NECC_C,FOLR2+ macrophages
CAAGCTAAGGCTCTAT-3,NECC_C2,1,NECC_C,THBS1+ monocytes
CAAGCTACAAATAGCA-3,NECC_C2,2,NECC_C,FOLR2+ macrophages
CAAGGGAAGAAATCCA-3,NECC_C2,1,NECC_C,THBS1+ monocytes
CAATACGAGCTCGTGC-3,NECC_C2,6,NECC_C,CLEC12A+ monocytes
CAATCGAAGATAGGGA-3,NECC_C2,2,NECC_C,FOLR2+ macrophages
CAATCGATCTGCGATA-3,NECC_C2,6,NECC_C,CLEC12A+ monocytes
CACAACACAATTGCTG-3,NECC_C2,1,NECC_C,THBS1+ monocytes
CACAGGCTCTAGTGAC-3,NECC_C2,1,NECC_C,THBS1+ monocytes
CACCAAAGTGGTCTAT-3,NECC_C2,1,NECC_C,THBS1+ monocytes
CACGGGTGTGCTGTCG-3,NECC_C2,1,NECC_C,THBS1+ monocytes
CACGTGGAGCTATCCA-3,NECC_C2,1,NECC_C,THBS1+ monocytes
CAGAGCCAGCCAAGCA-3,NECC_C2,4,NECC_C,CD20+ B_cells
CAGAGCCGTCAGTCCG-3,NECC_C2,1,NECC_C,THBS1+ monocytes
CAGAGCCTCATAGCAC-3,NECC_C2,6,NECC_C,CLEC12A+ monocytes
CAGATACTCCGTAGGC-3,NECC_C2,2,NECC_C,FOLR2+ macrophages
CAGATTGGTGGCTGAA-3,NECC_C2,5,NECC_C,LAMP3+ mature_dendritic_cells
CAGATTGTCCACGGGT-3,NECC_C2,5,NECC_C,LAMP3+ mature_dendritic_cells
CAGCAATTCCTGTTGC-3,NECC_C2,1,NECC_C,THBS1+ monocytes
CAGCACGAGCTCCATA-3,NECC_C2,1,NECC_C,THBS1+ monocytes
CAGCCAGAGACATATG-3,NECC_C2,1,NECC_C,THBS1+ monocytes
CAGCCAGAGACCATAA-3,NECC_C2,2,NECC_C,FOLR2+ macrophages
CAGCCAGAGCGACTTT-3,NECC_C2,1,NECC_C,THBS1+ monocytes
CAGCCAGCAGTCGTTA-3,NECC_C2,5,NECC_C,LAMP3+ mature_dendritic_cells
CAGCGTGGTGTTAAAG-3,NECC_C2,5,NECC_C,LAMP3+ mature_dendritic_cells
CAGGTATAGTGGATAT-3,NECC_C2,2,NECC_C,FOLR2+ macrophages
CAGGTATGTGATAGTA-3,NECC_C2,1,NECC_C,THBS1+ monocytes
CAGGTATTCAGTCTTT-3,NECC_C2,1,NECC_C,THBS1+ monocytes
CAGTTAGGTAGTAAGT-3,NECC_C2,4,NECC_C,CD20+ B_cells
CAGTTCCAGGTTGAGC-3,NECC_C2,1,NECC_C,THBS1+ monocytes
CAGTTCCCACCGAATT-3,NECC_C2,1,NECC_C,THBS1+ monocytes
CATAAGCAGAAGTGTT-3,NECC_C2,1,NECC_C,THBS1+ monocytes
CATAAGCTCTAAGAAG-3,NECC_C2,5,NECC_C,LAMP3+ mature_dendritic_cells
CATACAGGTACACGTT-3,NECC_C2,1,NECC_C,THBS1+ monocytes
CATACAGGTACCCAGC-3,NECC_C2,1,NECC_C,THBS1+ monocytes
CATACAGTCACTCACC-3,NECC_C2,2,NECC_C,FOLR2+ macrophages
CATACCCAGAACTCCT-3,NECC_C2,1,NECC_C,THBS1+ monocytes
CATACTTGTAGGATAT-3,NECC_C2,1,NECC_C,THBS1+ monocytes
CATAGACCACGGTCTG-3,NECC_C2,6,NECC_C,CLEC12A+ monocytes
CATCCACTCAAAGCCT-3,NECC_C2,2,NECC_C,FOLR2+ macrophages
CATCCGTGTATGGTAA-3,NECC_C2,1,NECC_C,THBS1+ monocytes
CATCGCTCAAATCCCA-3,NECC_C2,1,NECC_C,THBS1+ monocytes
CATCGCTCAGACCCGT-3,NECC_C2,2,NECC_C,FOLR2+ macrophages
CATCGCTCAGATACCT-3,NECC_C2,1,NECC_C,THBS1+ monocytes
CATCGGGAGGTTACCT-3,NECC_C2,1,NECC_C,THBS1+ monocytes
CATCGGGGTGGCTGAA-3,NECC_C2,1,NECC_C,THBS1+ monocytes
CATCGTCAGCTGAAAT-3,NECC_C2,1,NECC_C,THBS1+ monocytes
CATGCGGCATCATCTT-3,NECC_C2,2,NECC_C,FOLR2+ macrophages
CATGCGGCATTCCTCG-3,NECC_C2,4,NECC_C,CD20+ B_cells
CATGCGGGTCGGTACC-3,NECC_C2,1,NECC_C,THBS1+ monocytes
CATGCGGGTTGGGTTT-3,NECC_C2,2,NECC_C,FOLR2+ macrophages
CATGCTCGTCGTTTCC-3,NECC_C2,1,NECC_C,THBS1+ monocytes
CATGGATTCTGGGCGT-3,NECC_C2,1,NECC_C,THBS1+ monocytes
CATTCATAGACGGTTG-3,NECC_C2,1,NECC_C,THBS1+ monocytes
CATTCATGTTACGTAC-3,NECC_C2,1,NECC_C,THBS1+ monocytes
CATTCCGGTAATGATG-3,NECC_C2,1,NECC_C,THBS1+ monocytes
CATTCTATCCAACTAG-3,NECC_C2,1,NECC_C,THBS1+ monocytes
CATTGAGAGCCGGATA-3,NECC_C2,6,NECC_C,CLEC12A+ monocytes
CATTGAGCAGGACATG-3,NECC_C2,1,NECC_C,THBS1+ monocytes
CATTTCAGTCGAGTTT-3,NECC_C2,1,NECC_C,THBS1+ monocytes
CCAATGAGTAGCTGTT-3,NECC_C2,1,NECC_C,THBS1+ monocytes
CCACACTGTTGGACTT-3,NECC_C2,2,NECC_C,FOLR2+ macrophages
CCACGAGCAACAAAGT-3,NECC_C2,1,NECC_C,THBS1+ monocytes
CCACGTTGTTGCTAGT-3,NECC_C2,2,NECC_C,FOLR2+ macrophages
CCATCACAGATCCGAG-3,NECC_C2,2,NECC_C,FOLR2+ macrophages
CCCAACTTCCAAAGGG-3,NECC_C2,1,NECC_C,THBS1+ monocytes
CCCGAAGCATGTGCTA-3,NECC_C2,5,NECC_C,LAMP3+ mature_dendritic_cells
CCCGGAATCACCCTTG-3,NECC_C2,1,NECC_C,THBS1+ monocytes
CCCGGAATCCCTCATG-3,NECC_C2,5,NECC_C,LAMP3+ mature_dendritic_cells
CCCTAACAGATGTTCC-3,NECC_C2,5,NECC_C,LAMP3+ mature_dendritic_cells
CCCTCTCCATGGCACC-3,NECC_C2,1,NECC_C,THBS1+ monocytes
CCCTGATTCTCGAACA-3,NECC_C2,1,NECC_C,THBS1+ monocytes
CCGAACGGTACCAGAG-3,NECC_C2,1,NECC_C,THBS1+ monocytes
CCGGGTAAGTGGATAT-3,NECC_C2,6,NECC_C,CLEC12A+ monocytes
CCGGTGACATGAAGGC-3,NECC_C2,6,NECC_C,CLEC12A+ monocytes
CCGTAGGAGGAATCGC-3,NECC_C2,1,NECC_C,THBS1+ monocytes
CCGTAGGAGTGACACG-3,NECC_C2,2,NECC_C,FOLR2+ macrophages
CCGTAGGTCACGTCCT-3,NECC_C2,1,NECC_C,THBS1+ monocytes
CCGTGAGAGCTTTGTG-3,NECC_C2,1,NECC_C,THBS1+ monocytes
CCTAACCAGGTAGTAT-3,NECC_C2,2,NECC_C,FOLR2+ macrophages
CCTAAGAGTCATCGCG-3,NECC_C2,6,NECC_C,CLEC12A+ monocytes
CCTAAGATCTAACACG-3,NECC_C2,2,NECC_C,FOLR2+ macrophages
CCTACGTAGGTCCAGA-3,NECC_C2,1,NECC_C,THBS1+ monocytes
CCTCACAGTTAGTCGT-3,NECC_C2,4,NECC_C,CD20+ B_cells
CCTCCTCTCTAAGCCA-3,NECC_C2,2,NECC_C,FOLR2+ macrophages
CCTCTCCAGGATTACA-3,NECC_C2,4,NECC_C,CD20+ B_cells
CCTCTCCGTGAGACGT-3,NECC_C2,7,NECC_C,CD123+ plasmacytoid_dendritic_cells
CCTTGTGCACTACCCT-3,NECC_C2,1,NECC_C,THBS1+ monocytes
CGACAGCAGGGTCAAC-3,NECC_C2,1,NECC_C,THBS1+ monocytes
CGACAGCGTTGCATCA-3,NECC_C2,5,NECC_C,LAMP3+ mature_dendritic_cells
CGACAGCTCCGTTTCG-3,NECC_C2,1,NECC_C,THBS1+ monocytes
CGAGGAAAGGATGGCT-3,NECC_C2,6,NECC_C,CLEC12A+ monocytes
CGAGGCTGTCCTTTGC-3,NECC_C2,1,NECC_C,THBS1+ monocytes
CGAGTGCGTAGGAGGG-3,NECC_C2,2,NECC_C,FOLR2+ macrophages
CGATCGGGTCACTCTC-3,NECC_C2,5,NECC_C,LAMP3+ mature_dendritic_cells
CGATCGGGTCCACGCA-3,NECC_C2,1,NECC_C,THBS1+ monocytes
CGATCGGTCGGCTTGG-3,NECC_C2,2,NECC_C,FOLR2+ macrophages
CGATGGCAGGTCCTGC-3,NECC_C2,6,NECC_C,CLEC12A+ monocytes
CGCAGGTAGAATTTGG-3,NECC_C2,2,NECC_C,FOLR2+ macrophages
CGCAGGTTCGAACTCA-3,NECC_C2,1,NECC_C,THBS1+ monocytes
CGCAGGTTCTTTGCTA-3,NECC_C2,1,NECC_C,THBS1+ monocytes
CGCCAGATCCCATACC-3,NECC_C2,1,NECC_C,THBS1+ monocytes
CGGACACCAGAGTAAT-3,NECC_C2,6,NECC_C,CLEC12A+ monocytes
CGGGTCACAAGCACAG-3,NECC_C2,7,NECC_C,CD123+ plasmacytoid_dendritic_cells
CGGGTCAGTAACTGCT-3,NECC_C2,1,NECC_C,THBS1+ monocytes
CGTAAGTCATTCACCC-3,NECC_C2,1,NECC_C,THBS1+ monocytes
CGTAATGCACAGCTGC-3,NECC_C2,1,NECC_C,THBS1+ monocytes
CGTAATGCACGCGCAT-3,NECC_C2,2,NECC_C,FOLR2+ macrophages
CGTAGTACACCTGCAG-3,NECC_C2,2,NECC_C,FOLR2+ macrophages
CGTGATATCATAAGGA-3,NECC_C2,2,NECC_C,FOLR2+ macrophages
CGTGCTTCATGAATAG-3,NECC_C2,1,NECC_C,THBS1+ monocytes
CGTGCTTGTAATTAGG-3,NECC_C2,1,NECC_C,THBS1+ monocytes
CGTGCTTGTATCTTCT-3,NECC_C2,2,NECC_C,FOLR2+ macrophages
CGTGTCTGTTGGCCTG-3,NECC_C2,6,NECC_C,CLEC12A+ monocytes
CGTTCTGTCATCGCCT-3,NECC_C2,1,NECC_C,THBS1+ monocytes
CGTTGGGTCACGGGAA-3,NECC_C2,6,NECC_C,CLEC12A+ monocytes
CTAACCCCACACACGC-3,NECC_C2,5,NECC_C,LAMP3+ mature_dendritic_cells
CTAACTTTCCATGATG-3,NECC_C2,6,NECC_C,CLEC12A+ monocytes
CTAAGTGAGCCGAATG-3,NECC_C2,4,NECC_C,CD20+ B_cells
CTAAGTGAGGTACATA-3,NECC_C2,1,NECC_C,THBS1+ monocytes
CTAAGTGTCATGAGTC-3,NECC_C2,6,NECC_C,CLEC12A+ monocytes
CTAAGTGTCATGCTAG-3,NECC_C2,2,NECC_C,FOLR2+ macrophages
CTACAGAGTCATTCCC-3,NECC_C2,1,NECC_C,THBS1+ monocytes
CTACAGATCCTCAGAA-3,NECC_C2,6,NECC_C,CLEC12A+ monocytes
CTACATTGTGCAAGAC-3,NECC_C2,1,NECC_C,THBS1+ monocytes
CTACGGGCAGCGTTTA-3,NECC_C2,2,NECC_C,FOLR2+ macrophages
CTACTATGTGATACTC-3,NECC_C2,1,NECC_C,THBS1+ monocytes
CTAGACAAGGGTTAAT-3,NECC_C2,1,NECC_C,THBS1+ monocytes
CTAGACATCACCTCTG-3,NECC_C2,2,NECC_C,FOLR2+ macrophages
CTAGGTATCGGTGCAC-3,NECC_C2,1,NECC_C,THBS1+ monocytes
CTAGGTATCTCAACGA-3,NECC_C2,1,NECC_C,THBS1+ monocytes
CTATAGGCAAATAGCA-3,NECC_C2,1,NECC_C,THBS1+ monocytes
CTCACTGCATTGTGCA-3,NECC_C2,3,NECC_C,SPP1+ macrophages
CTCAGAATCAGAGTTC-3,NECC_C2,4,NECC_C,CD20+ B_cells
CTCATCGAGCATCAAA-3,NECC_C2,1,NECC_C,THBS1+ monocytes
CTCATCGCACTTCAGA-3,NECC_C2,1,NECC_C,THBS1+ monocytes
CTCATCGTCATGTCAG-3,NECC_C2,5,NECC_C,LAMP3+ mature_dendritic_cells
CTCATGCTCAAGTGGG-3,NECC_C2,1,NECC_C,THBS1+ monocytes
CTCATTACAGGCTACC-3,NECC_C2,1,NECC_C,THBS1+ monocytes
CTCCAACGTTACGCCG-3,NECC_C2,1,NECC_C,THBS1+ monocytes
CTCCAACTCGAGAAGC-3,NECC_C2,6,NECC_C,CLEC12A+ monocytes
CTCCATGGTGTTCATG-3,NECC_C2,2,NECC_C,FOLR2+ macrophages
CTCCGATAGGAACATT-3,NECC_C2,2,NECC_C,FOLR2+ macrophages
CTCCTCCGTTTATGCG-3,NECC_C2,1,NECC_C,THBS1+ monocytes
CTCCTTTAGCGCCTAC-3,NECC_C2,1,NECC_C,THBS1+ monocytes
CTCGAGGAGTGAGCCA-3,NECC_C2,1,NECC_C,THBS1+ monocytes
CTGAGCGGTGTGTTTG-3,NECC_C2,1,NECC_C,THBS1+ monocytes
CTGAGGCCATGACACT-3,NECC_C2,1,NECC_C,THBS1+ monocytes
CTGATCCTCCACTAGA-3,NECC_C2,6,NECC_C,CLEC12A+ monocytes
CTGCAGGAGGCACGAT-3,NECC_C2,1,NECC_C,THBS1+ monocytes
CTGCAGGGTGGCTTAT-3,NECC_C2,6,NECC_C,CLEC12A+ monocytes
CTGCGAGAGTCAAGCG-3,NECC_C2,1,NECC_C,THBS1+ monocytes
CTGCGAGAGTCACAGG-3,NECC_C2,2,NECC_C,FOLR2+ macrophages
CTGGACGGTCTGCATA-3,NECC_C2,2,NECC_C,FOLR2+ macrophages
CTGGACGTCTGGTCAA-3,NECC_C2,5,NECC_C,LAMP3+ mature_dendritic_cells
CTGTACCCACTGAGTT-3,NECC_C2,4,NECC_C,CD20+ B_cells
CTGTACCGTGAATGTA-3,NECC_C2,1,NECC_C,THBS1+ monocytes
CTGTATTCAGGAGGAG-3,NECC_C2,1,NECC_C,THBS1+ monocytes
CTGTATTCATGACTGT-3,NECC_C2,1,NECC_C,THBS1+ monocytes
CTGTATTGTACTGGGA-3,NECC_C2,6,NECC_C,CLEC12A+ monocytes
CTGTCGTCAGGTCCGT-3,NECC_C2,1,NECC_C,THBS1+ monocytes
CTGTCGTGTCCCTGAG-3,NECC_C2,6,NECC_C,CLEC12A+ monocytes
CTGTGAATCTCTTAAC-3,NECC_C2,1,NECC_C,THBS1+ monocytes
CTTACCGCACAATGAA-3,NECC_C2,1,NECC_C,THBS1+ monocytes
CTTACCGTCTCTAGGA-3,NECC_C2,1,NECC_C,THBS1+ monocytes
CTTAGGAGTGCGCTCA-3,NECC_C2,5,NECC_C,LAMP3+ mature_dendritic_cells
CTTCCGAGTACTGTTG-3,NECC_C2,1,NECC_C,THBS1+ monocytes
CTTCCTTAGATCACCT-3,NECC_C2,2,NECC_C,FOLR2+ macrophages
CTTCGGTCATCTTAGG-3,NECC_C2,1,NECC_C,THBS1+ monocytes
CTTCTCTTCATGAGTC-3,NECC_C2,1,NECC_C,THBS1+ monocytes
CTTGAGACAAGACGAC-3,NECC_C2,5,NECC_C,LAMP3+ mature_dendritic_cells
CTTGATTTCATATGGC-3,NECC_C2,1,NECC_C,THBS1+ monocytes
GAACACTCAAGGGCAT-3,NECC_C2,6,NECC_C,CLEC12A+ monocytes
GAACACTGTTAGAGAT-3,NECC_C2,2,NECC_C,FOLR2+ macrophages
GAACTGTTCAAAGGTA-3,NECC_C2,4,NECC_C,CD20+ B_cells
GAAGAATTCACGATAC-3,NECC_C2,1,NECC_C,THBS1+ monocytes
GAAGGGTAGAAGTGTT-3,NECC_C2,5,NECC_C,LAMP3+ mature_dendritic_cells
GAAGTAAAGGCGACAT-3,NECC_C2,4,NECC_C,CD20+ B_cells
GAAGTAACATAAGCAA-3,NECC_C2,6,NECC_C,CLEC12A+ monocytes
GAATAGATCCACCTCA-3,NECC_C2,2,NECC_C,FOLR2+ macrophages
GAATCACCAAACGGCA-3,NECC_C2,4,NECC_C,CD20+ B_cells
GACCCTTTCCAACCAA-3,NECC_C2,1,NECC_C,THBS1+ monocytes
GACGTTATCGCGGACT-3,NECC_C2,2,NECC_C,FOLR2+ macrophages
GACTGATTCACTGAAC-3,NECC_C2,1,NECC_C,THBS1+ monocytes
GAGACCCGTTACTCAG-3,NECC_C2,5,NECC_C,LAMP3+ mature_dendritic_cells
GAGACTTCAACCGCCA-3,NECC_C2,6,NECC_C,CLEC12A+ monocytes
GAGACTTTCATTTGCT-3,NECC_C2,1,NECC_C,THBS1+ monocytes
GAGAGGTCAGAGTTGG-3,NECC_C2,1,NECC_C,THBS1+ monocytes
GAGCTGCAGCTTAGTC-3,NECC_C2,1,NECC_C,THBS1+ monocytes
GAGGCCTAGATTGCGG-3,NECC_C2,6,NECC_C,CLEC12A+ monocytes
GAGGCCTTCTTTCGAT-3,NECC_C2,1,NECC_C,THBS1+ monocytes
GAGGGATGTCGATTTG-3,NECC_C2,1,NECC_C,THBS1+ monocytes
GAGTGTTGTGCTGCAC-3,NECC_C2,2,NECC_C,FOLR2+ macrophages
GATAGAATCCAGGACC-3,NECC_C2,2,NECC_C,FOLR2+ macrophages
GATCACAGTAGGTCAG-3,NECC_C2,5,NECC_C,LAMP3+ mature_dendritic_cells
GATCACAGTTACGTAC-3,NECC_C2,6,NECC_C,CLEC12A+ monocytes
GATCAGTAGGTAAAGG-3,NECC_C2,1,NECC_C,THBS1+ monocytes
GATCATGGTGGACCTC-3,NECC_C2,1,NECC_C,THBS1+ monocytes
GATCGTAAGGATGCGT-3,NECC_C2,5,NECC_C,LAMP3+ mature_dendritic_cells
GATGGAGAGGAGATAG-3,NECC_C2,6,NECC_C,CLEC12A+ monocytes
GATGGAGTCTATTGTC-3,NECC_C2,1,NECC_C,THBS1+ monocytes
GATTCGACACGTGTGC-3,NECC_C2,1,NECC_C,THBS1+ monocytes
GATTGGTAGTTGTAAG-3,NECC_C2,1,NECC_C,THBS1+ monocytes
GATTTCTTCCACTGAA-3,NECC_C2,6,NECC_C,CLEC12A+ monocytes
GCAACCGTCCTCAGGG-3,NECC_C2,1,NECC_C,THBS1+ monocytes
GCACATAAGGCATTTC-3,NECC_C2,3,NECC_C,SPP1+ macrophages
GCACGGTAGTTGGCTT-3,NECC_C2,2,NECC_C,FOLR2+ macrophages
GCACGTGCAGTTGCGC-3,NECC_C2,1,NECC_C,THBS1+ monocytes
GCACGTGTCCCGAAAT-3,NECC_C2,1,NECC_C,THBS1+ monocytes
GCAGCCAAGTGACACG-3,NECC_C2,4,NECC_C,CD20+ B_cells
GCAGCTGGTCTCGGGT-3,NECC_C2,2,NECC_C,FOLR2+ macrophages
GCAGGCTCATGGAGAC-3,NECC_C2,1,NECC_C,THBS1+ monocytes
GCAGGCTGTCGTTATG-3,NECC_C2,2,NECC_C,FOLR2+ macrophages
GCATCTCGTATCTCTT-3,NECC_C2,6,NECC_C,CLEC12A+ monocytes
GCATTAGAGAAGCTCG-3,NECC_C2,1,NECC_C,THBS1+ monocytes
GCATTAGCAGAGTCAG-3,NECC_C2,2,NECC_C,FOLR2+ macrophages
GCATTAGCATCATCTT-3,NECC_C2,1,NECC_C,THBS1+ monocytes
GCCAACGAGGGATCAC-3,NECC_C2,1,NECC_C,THBS1+ monocytes
GCCAACGAGGTAAACT-3,NECC_C2,4,NECC_C,CD20+ B_cells
GCCAACGCAGGACTAG-3,NECC_C2,2,NECC_C,FOLR2+ macrophages
GCCAGGTTCCTATTTG-3,NECC_C2,2,NECC_C,FOLR2+ macrophages
GCCAGTGCAGCAGATG-3,NECC_C2,1,NECC_C,THBS1+ monocytes
GCCATGGCAGGTAGTG-3,NECC_C2,1,NECC_C,THBS1+ monocytes
GCCATTCGTGGACAGT-3,NECC_C2,1,NECC_C,THBS1+ monocytes
GCCCGAAAGAAGCGCT-3,NECC_C2,2,NECC_C,FOLR2+ macrophages
GCCCGAAAGACCAACG-3,NECC_C2,4,NECC_C,CD20+ B_cells
GCCGATGGTGTGCCTG-3,NECC_C2,1,NECC_C,THBS1+ monocytes
GCCGTGATCGAGTGGA-3,NECC_C2,4,NECC_C,CD20+ B_cells
GCCTGTTCAAGTGATA-3,NECC_C2,2,NECC_C,FOLR2+ macrophages
GCCTGTTGTGAGACCA-3,NECC_C2,1,NECC_C,THBS1+ monocytes
GCCTGTTTCTCCTGCA-3,NECC_C2,1,NECC_C,THBS1+ monocytes
GCGAGAAGTAGAGACC-3,NECC_C2,1,NECC_C,THBS1+ monocytes
GCGATCGCACAGTGAG-3,NECC_C2,5,NECC_C,LAMP3+ mature_dendritic_cells
GCGGAAAAGCCGATTT-3,NECC_C2,1,NECC_C,THBS1+ monocytes
GCGGAAATCTTTCCAA-3,NECC_C2,2,NECC_C,FOLR2+ macrophages
GCGTGCAAGCTCGCAC-3,NECC_C2,4,NECC_C,CD20+ B_cells
GCGTTTCGTTCCTAGA-3,NECC_C2,1,NECC_C,THBS1+ monocytes
GCTACCTCAGTTTGGT-3,NECC_C2,1,NECC_C,THBS1+ monocytes
GCTACCTGTAGCTTGT-3,NECC_C2,6,NECC_C,CLEC12A+ monocytes
GCTACCTGTTAGCGGA-3,NECC_C2,1,NECC_C,THBS1+ monocytes
GCTCAAACAACACACT-3,NECC_C2,6,NECC_C,CLEC12A+ monocytes
GCTGAATTCGGTCTAA-3,NECC_C2,5,NECC_C,LAMP3+ mature_dendritic_cells
GCTTGGGTCTTCTGTA-3,NECC_C2,1,NECC_C,THBS1+ monocytes
GCTTTCGAGTCATGAA-3,NECC_C2,1,NECC_C,THBS1+ monocytes
GGAAGTGCACTACCCT-3,NECC_C2,5,NECC_C,LAMP3+ mature_dendritic_cells
GGAAGTGGTCCCTCAT-3,NECC_C2,5,NECC_C,LAMP3+ mature_dendritic_cells
GGAATCTCACAAGTGG-3,NECC_C2,1,NECC_C,THBS1+ monocytes
GGAATCTTCACTGAAC-3,NECC_C2,2,NECC_C,FOLR2+ macrophages
GGAATCTTCGCCTCTA-3,NECC_C2,1,NECC_C,THBS1+ monocytes
GGAATGGAGCATCCTA-3,NECC_C2,6,NECC_C,CLEC12A+ monocytes
GGAATGGCACCATTCC-3,NECC_C2,5,NECC_C,LAMP3+ mature_dendritic_cells
GGACGTCTCGAGTTGT-3,NECC_C2,1,NECC_C,THBS1+ monocytes
GGAGGATCAACTGGTT-3,NECC_C2,1,NECC_C,THBS1+ monocytes
GGATGTTCAGCGTGAA-3,NECC_C2,1,NECC_C,THBS1+ monocytes
GGCAGTCAGGATAATC-3,NECC_C2,1,NECC_C,THBS1+ monocytes
GGCGTCATCGATGCTA-3,NECC_C2,4,NECC_C,CD20+ B_cells
GGCTTGGAGCCGATCC-3,NECC_C2,1,NECC_C,THBS1+ monocytes
GGCTTGGAGTCCCAGC-3,NECC_C2,1,NECC_C,THBS1+ monocytes
GGCTTGGTCATCCTGC-3,NECC_C2,6,NECC_C,CLEC12A+ monocytes
GGCTTTCGTCAACGCC-3,NECC_C2,2,NECC_C,FOLR2+ macrophages
GGCTTTCTCCGGACGT-3,NECC_C2,6,NECC_C,CLEC12A+ monocytes
GGGAGATCACTACCCT-3,NECC_C2,1,NECC_C,THBS1+ monocytes
GGGATCCCAAGAGTAT-3,NECC_C2,3,NECC_C,SPP1+ macrophages
GGGATGATCGATTGGT-3,NECC_C2,2,NECC_C,FOLR2+ macrophages
GGGCGTTCAATTTCGG-3,NECC_C2,2,NECC_C,FOLR2+ macrophages
GGGCTACTCAGCCCAG-3,NECC_C2,1,NECC_C,THBS1+ monocytes
GGGTGAACATCGTGCG-3,NECC_C2,6,NECC_C,CLEC12A+ monocytes
GGGTGAAGTCTGTGTA-3,NECC_C2,1,NECC_C,THBS1+ monocytes
GGGTGTCGTGACACGA-3,NECC_C2,3,NECC_C,SPP1+ macrophages
GGGTTTAAGTTGCGCC-3,NECC_C2,6,NECC_C,CLEC12A+ monocytes
GGTAACTAGCCACCGT-3,NECC_C2,6,NECC_C,CLEC12A+ monocytes
GGTCTGGTCGTACCTC-3,NECC_C2,1,NECC_C,THBS1+ monocytes
GGTGAAGGTAGGACCA-3,NECC_C2,7,NECC_C,CD123+ plasmacytoid_dendritic_cells
GGTGTTAGTTAAGCAA-3,NECC_C2,1,NECC_C,THBS1+ monocytes
GGTGTTATCTGGTTGA-3,NECC_C2,1,NECC_C,THBS1+ monocytes
GGTTAACGTCGTAATC-3,NECC_C2,2,NECC_C,FOLR2+ macrophages
GGTTCTCCAACAGCCC-3,NECC_C2,2,NECC_C,FOLR2+ macrophages
GGTTGTATCACCTGGG-3,NECC_C2,5,NECC_C,LAMP3+ mature_dendritic_cells
GTAACCAGTACGAGTG-3,NECC_C2,2,NECC_C,FOLR2+ macrophages
GTAATCGAGAACGCGT-3,NECC_C2,5,NECC_C,LAMP3+ mature_dendritic_cells
GTAGAAAGTTACGGAG-3,NECC_C2,3,NECC_C,SPP1+ macrophages
GTAGATCCAAAGAGTT-3,NECC_C2,6,NECC_C,CLEC12A+ monocytes
GTAGATCGTCAACCTA-3,NECC_C2,1,NECC_C,THBS1+ monocytes
GTAGGAGAGGCCACTC-3,NECC_C2,2,NECC_C,FOLR2+ macrophages
GTAGGAGAGTCACAGG-3,NECC_C2,1,NECC_C,THBS1+ monocytes
GTAGGAGAGTTCCAGT-3,NECC_C2,1,NECC_C,THBS1+ monocytes
GTAGGTTCATGACGAG-3,NECC_C2,1,NECC_C,THBS1+ monocytes
GTATTGGAGGTCCTGC-3,NECC_C2,4,NECC_C,CD20+ B_cells
GTCAGCGAGAGGCCAT-3,NECC_C2,1,NECC_C,THBS1+ monocytes
GTCATTTCAGCAATTC-3,NECC_C2,2,NECC_C,FOLR2+ macrophages
GTCCTCATCTGGGATT-3,NECC_C2,2,NECC_C,FOLR2+ macrophages
GTCGAATTCATGTCAG-3,NECC_C2,1,NECC_C,THBS1+ monocytes
GTCGCGAAGCTCGTGC-3,NECC_C2,3,NECC_C,SPP1+ macrophages
GTCGCGAAGGCTGAAC-3,NECC_C2,1,NECC_C,THBS1+ monocytes
GTCGCGAAGGTGTGAC-3,NECC_C2,2,NECC_C,FOLR2+ macrophages
GTCGTAACACGGAAGT-3,NECC_C2,1,NECC_C,THBS1+ monocytes
GTCGTAATCCGAGATT-3,NECC_C2,1,NECC_C,THBS1+ monocytes
GTCTCACAGTAACAGT-3,NECC_C2,2,NECC_C,FOLR2+ macrophages
GTCTGTCTCGAATCCA-3,NECC_C2,6,NECC_C,CLEC12A+ monocytes
GTCTTTACATGAGTAA-3,NECC_C2,1,NECC_C,THBS1+ monocytes
GTCTTTATCCCTTGGT-3,NECC_C2,1,NECC_C,THBS1+ monocytes
GTCTTTATCTCCCATG-3,NECC_C2,2,NECC_C,FOLR2+ macrophages
GTCTTTATCTGGTGGC-3,NECC_C2,4,NECC_C,CD20+ B_cells
GTGCACGAGTATTGCC-3,NECC_C2,6,NECC_C,CLEC12A+ monocytes
GTGCGTGAGGCTGAAC-3,NECC_C2,5,NECC_C,LAMP3+ mature_dendritic_cells
GTGCGTGCACGGCCAT-3,NECC_C2,1,NECC_C,THBS1+ monocytes
GTGCTGGCAGTGCGCT-3,NECC_C2,6,NECC_C,CLEC12A+ monocytes
GTGCTTCGTGGTAATA-3,NECC_C2,1,NECC_C,THBS1+ monocytes
GTGGAAGCAGACAAAT-3,NECC_C2,1,NECC_C,THBS1+ monocytes
GTGGAGATCGAATCCA-3,NECC_C2,1,NECC_C,THBS1+ monocytes
GTGGCGTCACGTGAGA-3,NECC_C2,2,NECC_C,FOLR2+ macrophages
GTGGTTACACTCGATA-3,NECC_C2,1,NECC_C,THBS1+ monocytes
GTGTCCTGTCTGCATA-3,NECC_C2,2,NECC_C,FOLR2+ macrophages
GTGTGATTCCCTTTGG-3,NECC_C2,2,NECC_C,FOLR2+ macrophages
GTGTTCCCAAAGCTCT-3,NECC_C2,5,NECC_C,LAMP3+ mature_dendritic_cells
GTGTTCCGTCAAAGCG-3,NECC_C2,6,NECC_C,CLEC12A+ monocytes
GTTACCCAGAGTACCG-3,NECC_C2,1,NECC_C,THBS1+ monocytes
GTTACGATCCGTACGG-3,NECC_C2,1,NECC_C,THBS1+ monocytes
GTTAGTGTCCTAGCCT-3,NECC_C2,1,NECC_C,THBS1+ monocytes
GTTATGGAGAAGCTGC-3,NECC_C2,1,NECC_C,THBS1+ monocytes
GTTATGGCAGCATACT-3,NECC_C2,1,NECC_C,THBS1+ monocytes
GTTCCGTAGCAATAGT-3,NECC_C2,2,NECC_C,FOLR2+ macrophages
GTTCTATTCTATTGTC-3,NECC_C2,1,NECC_C,THBS1+ monocytes
GTTGAACAGAGCCGTA-3,NECC_C2,1,NECC_C,THBS1+ monocytes
GTTGCTCAGATTGATG-3,NECC_C2,1,NECC_C,THBS1+ monocytes
GTTGCTCGTTTCCATT-3,NECC_C2,1,NECC_C,THBS1+ monocytes
GTTGTGAAGGTCATAA-3,NECC_C2,1,NECC_C,THBS1+ monocytes
GTTTACTCATGCGTGC-3,NECC_C2,1,NECC_C,THBS1+ monocytes
GTTTGGACAGACGATG-3,NECC_C2,1,NECC_C,THBS1+ monocytes
TAACCAGTCGTCGCTT-3,NECC_C2,1,NECC_C,THBS1+ monocytes
TAACTTCTCATCGCCT-3,NECC_C2,1,NECC_C,THBS1+ monocytes
TAAGCACTCACGGGAA-3,NECC_C2,1,NECC_C,THBS1+ monocytes
TAAGCGTTCCACAAGT-3,NECC_C2,2,NECC_C,FOLR2+ macrophages
TAAGTCGCAGCATACT-3,NECC_C2,1,NECC_C,THBS1+ monocytes
TAATCTCAGGGCATGT-3,NECC_C2,7,NECC_C,CD123+ plasmacytoid_dendritic_cells
TAATTCCTCAAATGCC-3,NECC_C2,1,NECC_C,THBS1+ monocytes
TACAACGTCTGGCCTT-3,NECC_C2,5,NECC_C,LAMP3+ mature_dendritic_cells
TACAGGTAGGGAACAA-3,NECC_C2,2,NECC_C,FOLR2+ macrophages
TACAGGTCACACACTA-3,NECC_C2,6,NECC_C,CLEC12A+ monocytes
TACCGGGTCCGAAGGA-3,NECC_C2,1,NECC_C,THBS1+ monocytes
TACCTCGGTCGCATTA-3,NECC_C2,5,NECC_C,LAMP3+ mature_dendritic_cells
TACCTGCAGCGTTCAT-3,NECC_C2,1,NECC_C,THBS1+ monocytes
TACGCTCCACTTCCTG-3,NECC_C2,1,NECC_C,THBS1+ monocytes
TACGGTAGTGGTAACG-3,NECC_C2,1,NECC_C,THBS1+ monocytes
TACGTCCGTGACTCGC-3,NECC_C2,1,NECC_C,THBS1+ monocytes
TACGTCCTCGTTGTAG-3,NECC_C2,6,NECC_C,CLEC12A+ monocytes
TACTGCCAGACGTCGA-3,NECC_C2,1,NECC_C,THBS1+ monocytes
TACTGCCAGTATTGCC-3,NECC_C2,1,NECC_C,THBS1+ monocytes
TACTGCCTCGGCCAAC-3,NECC_C2,1,NECC_C,THBS1+ monocytes
TACTTGTAGACCATTC-3,NECC_C2,2,NECC_C,FOLR2+ macrophages
TACTTGTGTAGCTTGT-3,NECC_C2,4,NECC_C,CD20+ B_cells
TAGACCAGTCTGATAC-3,NECC_C2,1,NECC_C,THBS1+ monocytes
TAGACCAGTGACATCT-3,NECC_C2,1,NECC_C,THBS1+ monocytes
TAGATCGGTAGATTAG-3,NECC_C2,5,NECC_C,LAMP3+ mature_dendritic_cells
TAGGAGGAGCCGAATG-3,NECC_C2,6,NECC_C,CLEC12A+ monocytes
TAGGAGGTCCTCTGCA-3,NECC_C2,5,NECC_C,LAMP3+ mature_dendritic_cells
TAGGTACCAAGTGGCA-3,NECC_C2,2,NECC_C,FOLR2+ macrophages
TAGGTTGAGGCCTAAG-3,NECC_C2,1,NECC_C,THBS1+ monocytes
TAGGTTGCACCAAATC-3,NECC_C2,1,NECC_C,THBS1+ monocytes
TATACCTTCCATAAGC-3,NECC_C2,4,NECC_C,CD20+ B_cells
TATCAGGTCCCGAATA-3,NECC_C2,6,NECC_C,CLEC12A+ monocytes
TATCCTACAACCGCCA-3,NECC_C2,1,NECC_C,THBS1+ monocytes
TATCTGTAGGAGGGTG-3,NECC_C2,1,NECC_C,THBS1+ monocytes
TATCTTGTCATTTGCT-3,NECC_C2,1,NECC_C,THBS1+ monocytes
TATGTTCCATGCGGTC-3,NECC_C2,1,NECC_C,THBS1+ monocytes
TATGTTCTCAACCTCC-3,NECC_C2,1,NECC_C,THBS1+ monocytes
TATTCCATCGTGCGAC-3,NECC_C2,1,NECC_C,THBS1+ monocytes
TCAAGACCAACTCGAT-3,NECC_C2,7,NECC_C,CD123+ plasmacytoid_dendritic_cells
TCAATCTAGGAATGTT-3,NECC_C2,1,NECC_C,THBS1+ monocytes
TCACAAGCACACGCCA-3,NECC_C2,1,NECC_C,THBS1+ monocytes
TCACGGGAGGGCTAAC-3,NECC_C2,6,NECC_C,CLEC12A+ monocytes
TCAGCAAAGTAACGAT-3,NECC_C2,2,NECC_C,FOLR2+ macrophages
TCAGCAACACGGCGTT-3,NECC_C2,1,NECC_C,THBS1+ monocytes
TCAGCCTAGTCCGTCG-3,NECC_C2,1,NECC_C,THBS1+ monocytes
TCAGCCTCAGAACCGA-3,NECC_C2,1,NECC_C,THBS1+ monocytes
TCAGGTAAGACTCAAA-3,NECC_C2,2,NECC_C,FOLR2+ macrophages
TCAGGTACAGTCAGCC-3,NECC_C2,6,NECC_C,CLEC12A+ monocytes
TCAGGTAGTACTGAGG-3,NECC_C2,1,NECC_C,THBS1+ monocytes
TCAGGTATCGGCATAT-3,NECC_C2,1,NECC_C,THBS1+ monocytes
TCAGTCCCAGACGCTC-3,NECC_C2,1,NECC_C,THBS1+ monocytes
TCAGTGAAGGCCTGCT-3,NECC_C2,1,NECC_C,THBS1+ monocytes
TCAGTTTTCACCCATC-3,NECC_C2,2,NECC_C,FOLR2+ macrophages
TCATATCAGATTAGTG-3,NECC_C2,2,NECC_C,FOLR2+ macrophages
TCATCCGGTCTTCTAT-3,NECC_C2,4,NECC_C,CD20+ B_cells
TCATGAGTCATTCCTA-3,NECC_C2,1,NECC_C,THBS1+ monocytes
TCATGGATCGTCCTTG-3,NECC_C2,2,NECC_C,FOLR2+ macrophages
TCATGGATCTATTGTC-3,NECC_C2,4,NECC_C,CD20+ B_cells
TCATGTTAGAGTTGAT-3,NECC_C2,2,NECC_C,FOLR2+ macrophages
TCATGTTGTCAACGCC-3,NECC_C2,4,NECC_C,CD20+ B_cells
TCATGTTTCTGACGCG-3,NECC_C2,2,NECC_C,FOLR2+ macrophages
TCATTACAGTGAGTTA-3,NECC_C2,4,NECC_C,CD20+ B_cells
TCATTCAAGTATGGAT-3,NECC_C2,1,NECC_C,THBS1+ monocytes
TCATTCACAGAACTTC-3,NECC_C2,2,NECC_C,FOLR2+ macrophages
TCATTGTCACGAAAGC-3,NECC_C2,2,NECC_C,FOLR2+ macrophages
TCATTGTTCCTTCTAA-3,NECC_C2,4,NECC_C,CD20+ B_cells
TCCACGTAGCCGAACA-3,NECC_C2,6,NECC_C,CLEC12A+ monocytes
TCCCACAGTGGCAGAT-3,NECC_C2,2,NECC_C,FOLR2+ macrophages
TCCCAGTAGTAAAGCT-3,NECC_C2,1,NECC_C,THBS1+ monocytes
TCCGAAAGTGCATGAG-3,NECC_C2,4,NECC_C,CD20+ B_cells
TCCTCCCTCCGGACGT-3,NECC_C2,2,NECC_C,FOLR2+ macrophages
TCCTCGAGTTCTTGCC-3,NECC_C2,4,NECC_C,CD20+ B_cells
TCGAACACAACCCTAA-3,NECC_C2,1,NECC_C,THBS1+ monocytes
TCGAAGTAGGGTGAGG-3,NECC_C2,6,NECC_C,CLEC12A+ monocytes
TCGCTCACACCCGTAG-3,NECC_C2,1,NECC_C,THBS1+ monocytes
TCGGATACAATCGCCG-3,NECC_C2,1,NECC_C,THBS1+ monocytes
TCGGGCAAGCGAGTAC-3,NECC_C2,5,NECC_C,LAMP3+ mature_dendritic_cells
TCGGGTGCACAAGTTC-3,NECC_C2,1,NECC_C,THBS1+ monocytes
TCGTAGAGTACGATGG-3,NECC_C2,2,NECC_C,FOLR2+ macrophages
TCGTGCTAGTATAACG-3,NECC_C2,1,NECC_C,THBS1+ monocytes
TCTACATCACTCCACT-3,NECC_C2,6,NECC_C,CLEC12A+ monocytes
TCTATCACAATTGGTC-3,NECC_C2,1,NECC_C,THBS1+ monocytes
TCTCCGACAGCACCCA-3,NECC_C2,7,NECC_C,CD123+ plasmacytoid_dendritic_cells
TCTCCGAGTAATTAGG-3,NECC_C2,1,NECC_C,THBS1+ monocytes
TCTGGCTTCCTTGACC-3,NECC_C2,1,NECC_C,THBS1+ monocytes
TCTTAGTAGAGGCTGT-3,NECC_C2,1,NECC_C,THBS1+ monocytes
TCTTAGTTCATGCAGT-3,NECC_C2,1,NECC_C,THBS1+ monocytes
TCTTCCTAGGAGATAG-3,NECC_C2,2,NECC_C,FOLR2+ macrophages
TCTTTGATCTATACGG-3,NECC_C2,1,NECC_C,THBS1+ monocytes
TGAACGTTCTTAGCAG-3,NECC_C2,1,NECC_C,THBS1+ monocytes
TGAATCGAGAAATTCG-3,NECC_C2,1,NECC_C,THBS1+ monocytes
TGACGCGAGAGGGCGA-3,NECC_C2,1,NECC_C,THBS1+ monocytes
TGACTCCAGACCCGCT-3,NECC_C2,1,NECC_C,THBS1+ monocytes
TGACTCCAGGTGGGTT-3,NECC_C2,5,NECC_C,LAMP3+ mature_dendritic_cells
TGAGCATAGGGTTAAT-3,NECC_C2,6,NECC_C,CLEC12A+ monocytes
TGAGCATCATCTCCCA-3,NECC_C2,1,NECC_C,THBS1+ monocytes
TGAGCATTCCTACTGC-3,NECC_C2,5,NECC_C,LAMP3+ mature_dendritic_cells
TGAGCATTCTGGGAGA-3,NECC_C2,1,NECC_C,THBS1+ monocytes
TGAGCGCGTCCTTAAG-3,NECC_C2,2,NECC_C,FOLR2+ macrophages
TGAGGTTAGACACACG-3,NECC_C2,2,NECC_C,FOLR2+ macrophages
TGATCAGCATAGATGA-3,NECC_C2,1,NECC_C,THBS1+ monocytes
TGATCTTAGTCTAGCT-3,NECC_C2,4,NECC_C,CD20+ B_cells
TGATGCAAGTGTTCCA-3,NECC_C2,6,NECC_C,CLEC12A+ monocytes
TGATGCACAAGCGCTC-3,NECC_C2,1,NECC_C,THBS1+ monocytes
TGATGCAGTCTGTGGC-3,NECC_C2,3,NECC_C,SPP1+ macrophages
TGATGGTCACTGCACG-3,NECC_C2,5,NECC_C,LAMP3+ mature_dendritic_cells
TGATTCTAGTCATGGG-3,NECC_C2,5,NECC_C,LAMP3+ mature_dendritic_cells
TGCAGTATCCGGCTTT-3,NECC_C2,5,NECC_C,LAMP3+ mature_dendritic_cells
TGCATCCCATTCAGGT-3,NECC_C2,2,NECC_C,FOLR2+ macrophages
TGCATGATCGTAACTG-3,NECC_C2,1,NECC_C,THBS1+ monocytes
TGCGACGTCATGTCTT-3,NECC_C2,1,NECC_C,THBS1+ monocytes
TGCGATAAGGTAAGTT-3,NECC_C2,2,NECC_C,FOLR2+ macrophages
TGCGGCAAGAATCGTA-3,NECC_C2,2,NECC_C,FOLR2+ macrophages
TGCGGCAGTATGCGGA-3,NECC_C2,1,NECC_C,THBS1+ monocytes
TGCGGGTAGGCATGGT-3,NECC_C2,6,NECC_C,CLEC12A+ monocytes
TGCGGGTTCTCGAGTA-3,NECC_C2,2,NECC_C,FOLR2+ macrophages
TGCTCCAAGCGATGGT-3,NECC_C2,5,NECC_C,LAMP3+ mature_dendritic_cells
TGCTCGTCAGTCAGAG-3,NECC_C2,6,NECC_C,CLEC12A+ monocytes
TGCTGAAAGAGAGGGC-3,NECC_C2,1,NECC_C,THBS1+ monocytes
TGGAGAGCAAGCGCTC-3,NECC_C2,1,NECC_C,THBS1+ monocytes
TGGATCAAGACGAGCT-3,NECC_C2,1,NECC_C,THBS1+ monocytes
TGGATCACACTGTGAT-3,NECC_C2,2,NECC_C,FOLR2+ macrophages
TGGATCAGTACGCGTC-3,NECC_C2,1,NECC_C,THBS1+ monocytes
TGGATGTTCTGCCCTA-3,NECC_C2,6,NECC_C,CLEC12A+ monocytes
TGGGAAGTCATGAGTC-3,NECC_C2,1,NECC_C,THBS1+ monocytes
TGGTTAGAGCTGTGCC-3,NECC_C2,2,NECC_C,FOLR2+ macrophages
TGGTTAGCAGGTCCCA-3,NECC_C2,7,NECC_C,CD123+ plasmacytoid_dendritic_cells
TGGTTAGCATAGATCC-3,NECC_C2,6,NECC_C,CLEC12A+ monocytes
TGTAACGAGGTACAGC-3,NECC_C2,1,NECC_C,THBS1+ monocytes
TGTGAGTCAGGACGAT-3,NECC_C2,1,NECC_C,THBS1+ monocytes
TGTGGCGGTCTGTGCG-3,NECC_C2,2,NECC_C,FOLR2+ macrophages
TGTGTGACAAGACCTT-3,NECC_C2,1,NECC_C,THBS1+ monocytes
TGTTGAGGTCATTGCA-3,NECC_C2,1,NECC_C,THBS1+ monocytes
TTAATCCAGTTAGAAC-3,NECC_C2,2,NECC_C,FOLR2+ macrophages
TTACAGGTCCAATCCC-3,NECC_C2,1,NECC_C,THBS1+ monocytes
TTACCGCTCTTAGCTT-3,NECC_C2,1,NECC_C,THBS1+ monocytes
TTAGGCACAAGATGTA-3,NECC_C2,1,NECC_C,THBS1+ monocytes
TTCAATCCATCAGTGT-3,NECC_C2,1,NECC_C,THBS1+ monocytes
TTCACCGAGCAAGGAA-3,NECC_C2,6,NECC_C,CLEC12A+ monocytes
TTCACCGTCGAAGGAC-3,NECC_C2,6,NECC_C,CLEC12A+ monocytes
TTCAGGAAGGGAACAA-3,NECC_C2,1,NECC_C,THBS1+ monocytes
TTCAGGACATGAATAG-3,NECC_C2,1,NECC_C,THBS1+ monocytes
TTCAGGAGTTACCCAA-3,NECC_C2,4,NECC_C,CD20+ B_cells
TTCATTGAGCACACAG-3,NECC_C2,1,NECC_C,THBS1+ monocytes
TTCATTGAGGCTCTCG-3,NECC_C2,1,NECC_C,THBS1+ monocytes
TTCCAATGTACTGGGA-3,NECC_C2,2,NECC_C,FOLR2+ macrophages
TTCCAATGTTGGAGAC-3,NECC_C2,1,NECC_C,THBS1+ monocytes
TTCCTCTCAGATTTCG-3,NECC_C2,1,NECC_C,THBS1+ monocytes
TTCCTCTGTAAGTCAA-3,NECC_C2,5,NECC_C,LAMP3+ mature_dendritic_cells
TTCGATTAGGTTCCGC-3,NECC_C2,1,NECC_C,THBS1+ monocytes
TTCGATTCAAGTGGCA-3,NECC_C2,6,NECC_C,CLEC12A+ monocytes
TTCGATTCACACCTTC-3,NECC_C2,5,NECC_C,LAMP3+ mature_dendritic_cells
TTCGCTGCATCCGTTC-3,NECC_C2,1,NECC_C,THBS1+ monocytes
TTCTAGTCATGGGTCC-3,NECC_C2,2,NECC_C,FOLR2+ macrophages
TTCTCTCGTAATTAGG-3,NECC_C2,5,NECC_C,LAMP3+ mature_dendritic_cells
TTGAACGAGCACACCC-3,NECC_C2,6,NECC_C,CLEC12A+ monocytes
TTGACCCAGCCTCAAT-3,NECC_C2,2,NECC_C,FOLR2+ macrophages
TTGACCCAGTCGCCAC-3,NECC_C2,6,NECC_C,CLEC12A+ monocytes
TTGATGGAGCCACAAG-3,NECC_C2,1,NECC_C,THBS1+ monocytes
TTGCATTTCAGACTGT-3,NECC_C2,2,NECC_C,FOLR2+ macrophages
TTGGGATCATCAGCTA-3,NECC_C2,1,NECC_C,THBS1+ monocytes
TTGGGTAGTCGATTTG-3,NECC_C2,2,NECC_C,FOLR2+ macrophages
TTGGTTTTCAGATTGC-3,NECC_C2,2,NECC_C,FOLR2+ macrophages
TTGTTTGAGCCGAACA-3,NECC_C2,1,NECC_C,THBS1+ monocytes
TTGTTTGCAGAGATGC-3,NECC_C2,2,NECC_C,FOLR2+ macrophages
TTGTTTGGTTCCAGGC-3,NECC_C2,1,NECC_C,THBS1+ monocytes
TTGTTTGTCGCGTAGC-3,NECC_C2,1,NECC_C,THBS1+ monocytes
TTTACCAAGATAACGT-3,NECC_C2,1,NECC_C,THBS1+ monocytes
TTTACCAAGGCTCCCA-3,NECC_C2,6,NECC_C,CLEC12A+ monocytes
TTTACCAGTGGGTATG-3,NECC_C2,5,NECC_C,LAMP3+ mature_dendritic_cells
TTTACTGCACCGTGGT-3,NECC_C2,4,NECC_C,CD20+ B_cells
TTTACTGCAGTTCACA-3,NECC_C2,2,NECC_C,FOLR2+ macrophages
TTTAGTCAGTCACACT-3,NECC_C2,5,NECC_C,LAMP3+ mature_dendritic_cells
TTTATGCCAACCACGC-3,NECC_C2,2,NECC_C,FOLR2+ macrophages
TTTATGCGTGGTCCGT-3,NECC_C2,2,NECC_C,FOLR2+ macrophages
TTTCAGTGTGGCCTCA-3,NECC_C2,1,NECC_C,THBS1+ monocytes
TTTCAGTTCATGAGGG-3,NECC_C2,1,NECC_C,THBS1+ monocytes
TTTCGATAGTGCGCTC-3,NECC_C2,1,NECC_C,THBS1+ monocytes
TTTGACTGTCCCGCAA-3,NECC_C2,1,NECC_C,THBS1+ monocytes
TTTGGAGGTGAGTCAG-3,NECC_C2,1,NECC_C,THBS1+ monocytes
TTTGTTGAGAAAGCGA-3,NECC_C2,6,NECC_C,CLEC12A+ monocytes
TTTGTTGCAACCAATC-3,NECC_C2,5,NECC_C,LAMP3+ mature_dendritic_cells
AACAACCCACCAGCTG-4,NECC_E2,3,NECC_E,SPP1+ macrophages
AACAACCGTAGACAAT-4,NECC_E2,3,NECC_E,SPP1+ macrophages
AACAAGAGTGCGGCTT-4,NECC_E2,2,NECC_E,FOLR2+ macrophages
AACCACACACAAATGA-4,NECC_E2,3,NECC_E,SPP1+ macrophages
AAGACTCAGTAGTCCT-4,NECC_E2,3,NECC_E,SPP1+ macrophages
AAGTACCGTAGCGAGT-4,NECC_E2,3,NECC_E,SPP1+ macrophages
AAGTACCGTCGAAACG-4,NECC_E2,3,NECC_E,SPP1+ macrophages
AAGTTCGCATGTTTGG-4,NECC_E2,3,NECC_E,SPP1+ macrophages
AATCGTGAGCCGATAG-4,NECC_E2,3,NECC_E,SPP1+ macrophages
AATCGTGTCAAGAGTA-4,NECC_E2,3,NECC_E,SPP1+ macrophages
AATGACCGTTTCGTAG-4,NECC_E2,3,NECC_E,SPP1+ macrophages
AATTCCTCAAGCGCTC-4,NECC_E2,3,NECC_E,SPP1+ macrophages
ACAAGCTTCTACCTTA-4,NECC_E2,3,NECC_E,SPP1+ macrophages
ACAGCCGAGAAGCGCT-4,NECC_E2,3,NECC_E,SPP1+ macrophages
ACCAACAAGGATATAC-4,NECC_E2,3,NECC_E,SPP1+ macrophages
ACTCTCGTCGATGCAT-4,NECC_E2,4,NECC_E,CD20+ B_cells
ACTGATGGTGGCTAGA-4,NECC_E2,3,NECC_E,SPP1+ macrophages
ACTTAGGCAGCAGAAC-4,NECC_E2,3,NECC_E,SPP1+ macrophages
AGAAATGCAGCGACCT-4,NECC_E2,3,NECC_E,SPP1+ macrophages
AGAAGTAGTAAGATAC-4,NECC_E2,1,NECC_E,THBS1+ monocytes
AGAAGTATCTGCATAG-4,NECC_E2,2,NECC_E,FOLR2+ macrophages
AGACCCGCAGTCGAGA-4,NECC_E2,3,NECC_E,SPP1+ macrophages
AGAGAGCGTGTCATGT-4,NECC_E2,3,NECC_E,SPP1+ macrophages
AGATAGAAGAACTGAT-4,NECC_E2,3,NECC_E,SPP1+ macrophages
AGATAGACAGCTTTCC-4,NECC_E2,6,NECC_E,CLEC12A+ monocytes
AGATAGATCCCACAGG-4,NECC_E2,3,NECC_E,SPP1+ macrophages
AGCGATTCAGAGGCTA-4,NECC_E2,3,NECC_E,SPP1+ macrophages
AGCTTCCAGGAACGAA-4,NECC_E2,3,NECC_E,SPP1+ macrophages
AGGACGAAGGTAAGGA-4,NECC_E2,6,NECC_E,CLEC12A+ monocytes
AGGAGGTGTCGTGCCA-4,NECC_E2,3,NECC_E,SPP1+ macrophages
AGGTCATGTGATTCTG-4,NECC_E2,2,NECC_E,FOLR2+ macrophages
AGGTTGTCACTGGACC-4,NECC_E2,3,NECC_E,SPP1+ macrophages
AGTAGCTCATATAGCC-4,NECC_E2,3,NECC_E,SPP1+ macrophages
AGTCACAGTCGTTGCG-4,NECC_E2,3,NECC_E,SPP1+ macrophages
AGTTAGCTCGGCCCAA-4,NECC_E2,2,NECC_E,FOLR2+ macrophages
ATATCCTCAAACCGGA-4,NECC_E2,3,NECC_E,SPP1+ macrophages
ATCACTTCACGCTGTG-4,NECC_E2,3,NECC_E,SPP1+ macrophages
ATCGTGACAGAGATGC-4,NECC_E2,3,NECC_E,SPP1+ macrophages
ATGGATCCACCTGCAG-4,NECC_E2,3,NECC_E,SPP1+ macrophages
ATTACTCTCTCCTGTG-4,NECC_E2,3,NECC_E,SPP1+ macrophages
ATTCACTTCTCTGAGA-4,NECC_E2,1,NECC_E,THBS1+ monocytes
ATTCCATAGAGAGAAC-4,NECC_E2,3,NECC_E,SPP1+ macrophages
ATTCTTGCATGGGAAC-4,NECC_E2,3,NECC_E,SPP1+ macrophages
ATTCTTGGTGGGATTG-4,NECC_E2,3,NECC_E,SPP1+ macrophages
ATTTACCAGGCCTAAG-4,NECC_E2,1,NECC_E,THBS1+ monocytes
CAACGATTCCCTCTTT-4,NECC_E2,1,NECC_E,THBS1+ monocytes
CAATACGCACAATGTC-4,NECC_E2,3,NECC_E,SPP1+ macrophages
CAATGACAGCGTTCAT-4,NECC_E2,1,NECC_E,THBS1+ monocytes
CACATGAGTCGATTTG-4,NECC_E2,3,NECC_E,SPP1+ macrophages
CACGAATGTTCTTAGG-4,NECC_E2,3,NECC_E,SPP1+ macrophages
CACGTTCTCTTCCAGC-4,NECC_E2,3,NECC_E,SPP1+ macrophages
CACTGGGAGGTCCGAA-4,NECC_E2,3,NECC_E,SPP1+ macrophages
CACTTCGGTTGATCGT-4,NECC_E2,3,NECC_E,SPP1+ macrophages
CAGCGTGTCGCTTGCT-4,NECC_E2,3,NECC_E,SPP1+ macrophages
CAGTGCGAGTCCTGTA-4,NECC_E2,1,NECC_E,THBS1+ monocytes
CATAAGCCAGGCCTGT-4,NECC_E2,3,NECC_E,SPP1+ macrophages
CATCAAGAGGTAATCA-4,NECC_E2,3,NECC_E,SPP1+ macrophages
CATCCCACAAGGGCAT-4,NECC_E2,3,NECC_E,SPP1+ macrophages
CATCCGTAGAATGTTG-4,NECC_E2,3,NECC_E,SPP1+ macrophages
CATCGTCCAAGTGGTG-4,NECC_E2,3,NECC_E,SPP1+ macrophages
CATGCGGGTGTGTACT-4,NECC_E2,3,NECC_E,SPP1+ macrophages
CATTGAGAGAGGCGTT-4,NECC_E2,3,NECC_E,SPP1+ macrophages
CCAAGCGCAAGAATAC-4,NECC_E2,3,NECC_E,SPP1+ macrophages
CCACGAGAGTCGAAAT-4,NECC_E2,3,NECC_E,SPP1+ macrophages
CCACGAGGTTTAAGGA-4,NECC_E2,3,NECC_E,SPP1+ macrophages
CCCTCTCTCAGGAAAT-4,NECC_E2,3,NECC_E,SPP1+ macrophages
CCCTGATTCTGGCCTT-4,NECC_E2,3,NECC_E,SPP1+ macrophages
CCTAAGATCTGTCGCT-4,NECC_E2,1,NECC_E,THBS1+ monocytes
CCTCAACCACGTTCGG-4,NECC_E2,3,NECC_E,SPP1+ macrophages
CCTCAACTCTGCTCTG-4,NECC_E2,1,NECC_E,THBS1+ monocytes
CCTTCAGAGCAATAGT-4,NECC_E2,3,NECC_E,SPP1+ macrophages
CGCCAGATCGCAGTGC-4,NECC_E2,3,NECC_E,SPP1+ macrophages
CGGTCAGCAAGCGGAT-4,NECC_E2,2,NECC_E,FOLR2+ macrophages
CGTGCTTTCGCTGATA-4,NECC_E2,3,NECC_E,SPP1+ macrophages
CGTTGGGTCTCTTCAA-4,NECC_E2,3,NECC_E,SPP1+ macrophages
CTAAGTGAGTATGAGT-4,NECC_E2,3,NECC_E,SPP1+ macrophages
CTACCTGTCCACTGAA-4,NECC_E2,3,NECC_E,SPP1+ macrophages
CTAGACATCTTGCGCT-4,NECC_E2,3,NECC_E,SPP1+ macrophages
CTAGGTAAGTATAGAC-4,NECC_E2,3,NECC_E,SPP1+ macrophages
CTCAACCCATCCGCGA-4,NECC_E2,3,NECC_E,SPP1+ macrophages
CTCAGTCTCTCTAAGG-4,NECC_E2,3,NECC_E,SPP1+ macrophages
CTCATCGCAGATTTCG-4,NECC_E2,3,NECC_E,SPP1+ macrophages
CTCCCTCTCGTAACAC-4,NECC_E2,1,NECC_E,THBS1+ monocytes
CTCTCGAAGGATCATA-4,NECC_E2,3,NECC_E,SPP1+ macrophages
CTGATCCCATCGGTTA-4,NECC_E2,3,NECC_E,SPP1+ macrophages
CTGATCCGTCCGTACG-4,NECC_E2,3,NECC_E,SPP1+ macrophages
CTGCAGGCAAGCGCTC-4,NECC_E2,3,NECC_E,SPP1+ macrophages
CTGCATCTCTGGGTCG-4,NECC_E2,3,NECC_E,SPP1+ macrophages
CTGCCATAGATCGCTT-4,NECC_E2,3,NECC_E,SPP1+ macrophages
CTGCTCACATGAGGGT-4,NECC_E2,1,NECC_E,THBS1+ monocytes
CTGGCAGCAAATGCTC-4,NECC_E2,3,NECC_E,SPP1+ macrophages
CTGGTCTGTTCGTTCC-4,NECC_E2,3,NECC_E,SPP1+ macrophages
CTGTAGACATGGATCT-4,NECC_E2,2,NECC_E,FOLR2+ macrophages
CTGTCGTTCACTACGA-4,NECC_E2,1,NECC_E,THBS1+ monocytes
CTGTGAACAGACACCC-4,NECC_E2,3,NECC_E,SPP1+ macrophages
CTTCAATAGAAGCCAC-4,NECC_E2,1,NECC_E,THBS1+ monocytes
GAAGGGTTCGTGCACG-4,NECC_E2,3,NECC_E,SPP1+ macrophages
GACACGCTCTTCGTGC-4,NECC_E2,3,NECC_E,SPP1+ macrophages
GACCCTTAGACAGCGT-4,NECC_E2,3,NECC_E,SPP1+ macrophages
GACCGTGCAAAGGGCT-4,NECC_E2,3,NECC_E,SPP1+ macrophages
GACCTTCAGGCGCTTC-4,NECC_E2,3,NECC_E,SPP1+ macrophages
GACGCTGAGGAACGCT-4,NECC_E2,3,NECC_E,SPP1+ macrophages
GACTATGAGCATACTC-4,NECC_E2,5,NECC_E,LAMP3+ mature_dendritic_cells
GAGAAATGTGCGTGCT-4,NECC_E2,3,NECC_E,SPP1+ macrophages
GAGGCCTGTGACACGA-4,NECC_E2,4,NECC_E,CD20+ B_cells
GAGTCATAGGAGTCTG-4,NECC_E2,3,NECC_E,SPP1+ macrophages
GAGTCTAGTTTAGAGA-4,NECC_E2,3,NECC_E,SPP1+ macrophages
GATCAGTAGTACGTCT-4,NECC_E2,3,NECC_E,SPP1+ macrophages
GATCATGGTACGAGCA-4,NECC_E2,3,NECC_E,SPP1+ macrophages
GCAACCGCAAAGGGTC-4,NECC_E2,3,NECC_E,SPP1+ macrophages
GCACGTGAGTATTCCG-4,NECC_E2,2,NECC_E,FOLR2+ macrophages
GCATCTCGTATCCCTC-4,NECC_E2,3,NECC_E,SPP1+ macrophages
GCATGATGTCAGTTTG-4,NECC_E2,3,NECC_E,SPP1+ macrophages
GCGATCGCACACGCCA-4,NECC_E2,3,NECC_E,SPP1+ macrophages
GCTACAAAGTTCGCAT-4,NECC_E2,4,NECC_E,CD20+ B_cells
GCTCAAAGTGCCCACA-4,NECC_E2,3,NECC_E,SPP1+ macrophages
GCTTGGGGTTTCGTGA-4,NECC_E2,4,NECC_E,CD20+ B_cells
GGAACCCGTCTAACGT-4,NECC_E2,3,NECC_E,SPP1+ macrophages
GGAGATGAGGATTCAA-4,NECC_E2,3,NECC_E,SPP1+ macrophages
GGAGATGCACACGTGC-4,NECC_E2,3,NECC_E,SPP1+ macrophages
GGAGCAAGTTGGACCC-4,NECC_E2,3,NECC_E,SPP1+ macrophages
GGAGGATCAATGGCAG-4,NECC_E2,3,NECC_E,SPP1+ macrophages
GGATGTTTCCCTCGAT-4,NECC_E2,3,NECC_E,SPP1+ macrophages
GGCACGTGTTCTGAGT-4,NECC_E2,3,NECC_E,SPP1+ macrophages
GGCGTCAAGTTACTCG-4,NECC_E2,2,NECC_E,FOLR2+ macrophages
GGCTTGGAGAAGCTGC-4,NECC_E2,6,NECC_E,CLEC12A+ monocytes
GGCTTGGCATACTTTC-4,NECC_E2,3,NECC_E,SPP1+ macrophages
GGGACAAGTCACCTTC-4,NECC_E2,3,NECC_E,SPP1+ macrophages
GGGTCTGCACTTGTCC-4,NECC_E2,1,NECC_E,THBS1+ monocytes
GGTAACTCACTCCTGT-4,NECC_E2,3,NECC_E,SPP1+ macrophages
GGTGGCTTCCTATGGA-4,NECC_E2,4,NECC_E,CD20+ B_cells
GGTGTCGTCCTTACCG-4,NECC_E2,3,NECC_E,SPP1+ macrophages
GTAGATCTCCACTTTA-4,NECC_E2,3,NECC_E,SPP1+ macrophages
GTCACGGGTCGTGGTC-4,NECC_E2,3,NECC_E,SPP1+ macrophages
GTCGAATCACCGTGCA-4,NECC_E2,1,NECC_E,THBS1+ monocytes
GTCTTTACAGCGACAA-4,NECC_E2,3,NECC_E,SPP1+ macrophages
GTGAGGAGTCATGACT-4,NECC_E2,3,NECC_E,SPP1+ macrophages
GTGGAAGTCATCGACA-4,NECC_E2,3,NECC_E,SPP1+ macrophages
GTGTCCTTCGTCCTTG-4,NECC_E2,3,NECC_E,SPP1+ macrophages
GTGTTAGAGGCGATAC-4,NECC_E2,3,NECC_E,SPP1+ macrophages
GTTAGACAGAAGTATC-4,NECC_E2,3,NECC_E,SPP1+ macrophages
GTTGAACCACATAACC-4,NECC_E2,3,NECC_E,SPP1+ macrophages
GTTGTAGTCCGTCAAA-4,NECC_E2,3,NECC_E,SPP1+ macrophages
GTTTGGAGTGCTCCGA-4,NECC_E2,3,NECC_E,SPP1+ macrophages
TAACGACTCGGAAGGT-4,NECC_E2,3,NECC_E,SPP1+ macrophages
TACCCACTCTGAGGCC-4,NECC_E2,3,NECC_E,SPP1+ macrophages
TACCGAATCTCCACTG-4,NECC_E2,1,NECC_E,THBS1+ monocytes
TACGCTCCACGACGTC-4,NECC_E2,4,NECC_E,CD20+ B_cells
TACTGCCAGTAAAGCT-4,NECC_E2,1,NECC_E,THBS1+ monocytes
TAGACCAGTGTCACAT-4,NECC_E2,6,NECC_E,CLEC12A+ monocytes
TAGATCGGTATGAGAT-4,NECC_E2,3,NECC_E,SPP1+ macrophages
TAGGTTGAGAAAGCGA-4,NECC_E2,3,NECC_E,SPP1+ macrophages
TATCAGGCAACGGCCT-4,NECC_E2,3,NECC_E,SPP1+ macrophages
TATCCTAGTCGTGATT-4,NECC_E2,3,NECC_E,SPP1+ macrophages
TATCTGTAGTGCAGCA-4,NECC_E2,3,NECC_E,SPP1+ macrophages
TCAAGACGTTAACCTG-4,NECC_E2,3,NECC_E,SPP1+ macrophages
TCACGCTGTTACGTAC-4,NECC_E2,3,NECC_E,SPP1+ macrophages
TCACGGGTCGATCCCT-4,NECC_E2,3,NECC_E,SPP1+ macrophages
TCATCCGGTTCGTTCC-4,NECC_E2,3,NECC_E,SPP1+ macrophages
TCATCCGTCGACCACG-4,NECC_E2,3,NECC_E,SPP1+ macrophages
TCATGGAAGAGCCATG-4,NECC_E2,3,NECC_E,SPP1+ macrophages
TCATTTGGTGTGACCC-4,NECC_E2,3,NECC_E,SPP1+ macrophages
TCCAGAAGTCGCATTA-4,NECC_E2,3,NECC_E,SPP1+ macrophages
TCCATGCAGAGTCAAT-4,NECC_E2,3,NECC_E,SPP1+ macrophages
TCCGGGATCTAGTGTG-4,NECC_E2,3,NECC_E,SPP1+ macrophages
TCCTGCAAGCCTCTGG-4,NECC_E2,3,NECC_E,SPP1+ macrophages
TCGAAGTAGTGATCGG-4,NECC_E2,3,NECC_E,SPP1+ macrophages
TCGATTTCAGGTCTCG-4,NECC_E2,3,NECC_E,SPP1+ macrophages
TCTACCGAGCCTGTCG-4,NECC_E2,1,NECC_E,THBS1+ monocytes
TCTGGCTCAGTCGAGA-4,NECC_E2,2,NECC_E,FOLR2+ macrophages
TCTGTCGTCCTTACCG-4,NECC_E2,3,NECC_E,SPP1+ macrophages
TCTTAGTCACGTCATA-4,NECC_E2,2,NECC_E,FOLR2+ macrophages
TCTTTGACAATTGTGC-4,NECC_E2,3,NECC_E,SPP1+ macrophages
TGAGACTCACGTACTA-4,NECC_E2,3,NECC_E,SPP1+ macrophages
TGAGCATTCGAGTACT-4,NECC_E2,3,NECC_E,SPP1+ macrophages
TGATCTTTCTGGGCGT-4,NECC_E2,3,NECC_E,SPP1+ macrophages
TGATTCTGTTCAGGTT-4,NECC_E2,2,NECC_E,FOLR2+ macrophages
TGCGACGCATCCGTTC-4,NECC_E2,3,NECC_E,SPP1+ macrophages
TGCGATACAAACTCGT-4,NECC_E2,1,NECC_E,THBS1+ monocytes
TGGGAGATCGTCAAAC-4,NECC_E2,3,NECC_E,SPP1+ macrophages
TGTAAGCAGGCCCACT-4,NECC_E2,4,NECC_E,CD20+ B_cells
TGTTACTCAGACCTAT-4,NECC_E2,3,NECC_E,SPP1+ macrophages
TGTTTGTCACCATAAC-4,NECC_E2,3,NECC_E,SPP1+ macrophages
TTCCACGAGGATTCCT-4,NECC_E2,3,NECC_E,SPP1+ macrophages
TTCCACGCACCAGCTG-4,NECC_E2,3,NECC_E,SPP1+ macrophages
TTCCGTGCACCTGCTT-4,NECC_E2,3,NECC_E,SPP1+ macrophages
TTCTCTCTCTTGGTGA-4,NECC_E2,3,NECC_E,SPP1+ macrophages
TTGCCTGAGGTGCAGT-4,NECC_E2,3,NECC_E,SPP1+ macrophages
TTGCGTCCATTCTTCA-4,NECC_E2,3,NECC_E,SPP1+ macrophages
TTGGATGAGATGGCGT-4,NECC_E2,3,NECC_E,SPP1+ macrophages
TTGTGTTGTGCGCTCA-4,NECC_E2,4,NECC_E,CD20+ B_cells
TTGTTCAAGAGCCCAA-4,NECC_E2,3,NECC_E,SPP1+ macrophages
TTTACGTAGTTAGTGA-4,NECC_E2,3,NECC_E,SPP1+ macrophages
TTTGGAGTCACAACCA-4,NECC_E2,3,NECC_E,SPP1+ macrophages
AAATGGAGTATCATGC-5,NECC_C3,3,NECC_C,SPP1+ macrophages
AACCATGCAGTTCTAG-5,NECC_C3,3,NECC_C,SPP1+ macrophages
AACCTGATCTCTATGT-5,NECC_C3,1,NECC_C,THBS1+ monocytes
AACGAAAGTAATGCGG-5,NECC_C3,4,NECC_C,CD20+ B_cells
AAGGTAAGTGGAACAC-5,NECC_C3,4,NECC_C,CD20+ B_cells
AAGTGAATCGCTTTAT-5,NECC_C3,4,NECC_C,CD20+ B_cells
AATGGAACAGTGTGGA-5,NECC_C3,3,NECC_C,SPP1+ macrophages
AATGGCTAGTGCAGGT-5,NECC_C3,2,NECC_C,FOLR2+ macrophages
ACAAGCTTCGCAGTGC-5,NECC_C3,5,NECC_C,LAMP3+ mature_dendritic_cells
ACACCAATCGAACACT-5,NECC_C3,4,NECC_C,CD20+ B_cells
ACCATTTGTGGACCAA-5,NECC_C3,2,NECC_C,FOLR2+ macrophages
ACCGTTCGTTGTGGAG-5,NECC_C3,1,NECC_C,THBS1+ monocytes
ACGATGTCATGGAACG-5,NECC_C3,4,NECC_C,CD20+ B_cells
ACGGTTAGTAGAGACC-5,NECC_C3,3,NECC_C,SPP1+ macrophages
ACGTAACCAACTGCCG-5,NECC_C3,6,NECC_C,CLEC12A+ monocytes
ACGTCCTCAGTGTGGA-5,NECC_C3,3,NECC_C,SPP1+ macrophages
AGAACAACATTCAGGT-5,NECC_C3,5,NECC_C,LAMP3+ mature_dendritic_cells
AGAACCTAGCGTGAGT-5,NECC_C3,3,NECC_C,SPP1+ macrophages
AGACACTCACCCTAAA-5,NECC_C3,3,NECC_C,SPP1+ macrophages
AGAGAATTCGCCTTGT-5,NECC_C3,3,NECC_C,SPP1+ macrophages
AGAGCCCAGGAAGTCC-5,NECC_C3,2,NECC_C,FOLR2+ macrophages
AGAGCCCCAATACCCA-5,NECC_C3,3,NECC_C,SPP1+ macrophages
AGATAGACACAAGGTG-5,NECC_C3,3,NECC_C,SPP1+ macrophages
AGCCACGTCCTTCTGG-5,NECC_C3,3,NECC_C,SPP1+ macrophages
AGCTACACACGTAACT-5,NECC_C3,3,NECC_C,SPP1+ macrophages
AGGGTGAGTGGGATTG-5,NECC_C3,3,NECC_C,SPP1+ macrophages
AGGTTGTAGTAACCTC-5,NECC_C3,4,NECC_C,CD20+ B_cells
AGTACTGCATCTAGAC-5,NECC_C3,3,NECC_C,SPP1+ macrophages
AGTTAGCGTCCGAAGA-5,NECC_C3,3,NECC_C,SPP1+ macrophages
ATACTTCAGCTACTAC-5,NECC_C3,4,NECC_C,CD20+ B_cells
ATCGGCGGTCTAGTGT-5,NECC_C3,6,NECC_C,CLEC12A+ monocytes
ATCGGCGGTGTCTAAC-5,NECC_C3,6,NECC_C,CLEC12A+ monocytes
ATGGTTGCAAGTTTGC-5,NECC_C3,3,NECC_C,SPP1+ macrophages
ATGTCCCAGCGGATCA-5,NECC_C3,2,NECC_C,FOLR2+ macrophages
CACGTTCGTAAGCAAT-5,NECC_C3,3,NECC_C,SPP1+ macrophages
CACTGAACACAGACGA-5,NECC_C3,1,NECC_C,THBS1+ monocytes
CAGTGCGTCAAAGAAC-5,NECC_C3,3,NECC_C,SPP1+ macrophages
CATCCCAAGGGTACAC-5,NECC_C3,4,NECC_C,CD20+ B_cells
CATCGGGAGCTGACCC-5,NECC_C3,3,NECC_C,SPP1+ macrophages
CATCGGGCAAATGAAC-5,NECC_C3,3,NECC_C,SPP1+ macrophages
CATTGAGCAGCTTTCC-5,NECC_C3,3,NECC_C,SPP1+ macrophages
CATTGTTTCGCATTGA-5,NECC_C3,2,NECC_C,FOLR2+ macrophages
CCCAACTAGAGCATTA-5,NECC_C3,5,NECC_C,LAMP3+ mature_dendritic_cells
CCGATGGAGGGCCCTT-5,NECC_C3,2,NECC_C,FOLR2+ macrophages
CCTAAGAGTAGCGTCC-5,NECC_C3,4,NECC_C,CD20+ B_cells
CCTACGTCACGTAGAG-5,NECC_C3,3,NECC_C,SPP1+ macrophages
CCTTGTGAGCCTCTGG-5,NECC_C3,6,NECC_C,CLEC12A+ monocytes
CCTTTGGGTCAAACGG-5,NECC_C3,2,NECC_C,FOLR2+ macrophages
CGAATTGTCGTCTACC-5,NECC_C3,3,NECC_C,SPP1+ macrophages
CGAGAAGAGTTACGAA-5,NECC_C3,3,NECC_C,SPP1+ macrophages
CGAGGAACACACCGCA-5,NECC_C3,3,NECC_C,SPP1+ macrophages
CGCATGGGTATACCCA-5,NECC_C3,3,NECC_C,SPP1+ macrophages
CGGAACCTCTTGCAAG-5,NECC_C3,3,NECC_C,SPP1+ macrophages
CTCAGTCGTAATGTGA-5,NECC_C3,3,NECC_C,SPP1+ macrophages
CTCCTTTCAGTTGGTT-5,NECC_C3,4,NECC_C,CD20+ B_cells
CTGAGCGCAGATCATC-5,NECC_C3,3,NECC_C,SPP1+ macrophages
CTGCCATTCCCGTTCA-5,NECC_C3,3,NECC_C,SPP1+ macrophages
CTTCCGAAGACTAAGT-5,NECC_C3,2,NECC_C,FOLR2+ macrophages
CTTCCTTGTTCTTGCC-5,NECC_C3,2,NECC_C,FOLR2+ macrophages
CTTCGGTGTTTATGCG-5,NECC_C3,3,NECC_C,SPP1+ macrophages
CTTGAGAAGTAAGCAT-5,NECC_C3,3,NECC_C,SPP1+ macrophages
GAACGTTGTAAGGCTG-5,NECC_C3,1,NECC_C,THBS1+ monocytes
GAACGTTTCTTTACAC-5,NECC_C3,3,NECC_C,SPP1+ macrophages
GAATCACGTACCCAGC-5,NECC_C3,4,NECC_C,CD20+ B_cells
GAATCGTGTGCTTCAA-5,NECC_C3,3,NECC_C,SPP1+ macrophages
GACCGTGAGCGAATGC-5,NECC_C3,3,NECC_C,SPP1+ macrophages
GATCATGGTATGCGGA-5,NECC_C3,3,NECC_C,SPP1+ macrophages
GATTCGAAGGGTTAGC-5,NECC_C3,4,NECC_C,CD20+ B_cells
GCAACCGAGAATCCCT-5,NECC_C3,6,NECC_C,CLEC12A+ monocytes
GCACATAGTTCCGGTG-5,NECC_C3,3,NECC_C,SPP1+ macrophages
GCATCGGGTTGGACTT-5,NECC_C3,3,NECC_C,SPP1+ macrophages
GCCTGTTGTCTTTCAT-5,NECC_C3,3,NECC_C,SPP1+ macrophages
GCGTGCAAGGGCAGAG-5,NECC_C3,1,NECC_C,THBS1+ monocytes
GCTTTCGAGGCACTCC-5,NECC_C3,4,NECC_C,CD20+ B_cells
GGAATGGAGATACGAT-5,NECC_C3,4,NECC_C,CD20+ B_cells
GGAGATGAGCGACCCT-5,NECC_C3,2,NECC_C,FOLR2+ macrophages
GGAGCAATCTCGAACA-5,NECC_C3,3,NECC_C,SPP1+ macrophages
GGCTTTCAGGTTCCAT-5,NECC_C3,3,NECC_C,SPP1+ macrophages
GGGACCTTCAGATGCT-5,NECC_C3,3,NECC_C,SPP1+ macrophages
GTAACACTCGGCATAT-5,NECC_C3,6,NECC_C,CLEC12A+ monocytes
GTAGAGGGTTGGACTT-5,NECC_C3,3,NECC_C,SPP1+ macrophages
GTAGGAGCAGGAGGAG-5,NECC_C3,3,NECC_C,SPP1+ macrophages
GTAGTACCAGGAAGTC-5,NECC_C3,3,NECC_C,SPP1+ macrophages
GTCATCCCACCCGTAG-5,NECC_C3,3,NECC_C,SPP1+ macrophages
GTCGTTCGTCACCTTC-5,NECC_C3,4,NECC_C,CD20+ B_cells
GTCTAGACACGGAAGT-5,NECC_C3,4,NECC_C,CD20+ B_cells
GTGCACGGTACAGTAA-5,NECC_C3,3,NECC_C,SPP1+ macrophages
GTGCTTCGTTCCGCTT-5,NECC_C3,3,NECC_C,SPP1+ macrophages
GTGGAGAGTGATGGCA-5,NECC_C3,2,NECC_C,FOLR2+ macrophages
GTGGGAAAGCCGAATG-5,NECC_C3,3,NECC_C,SPP1+ macrophages
TAAGCGTCAACGACAG-5,NECC_C3,3,NECC_C,SPP1+ macrophages
TACGGTACATTGGGAG-5,NECC_C3,3,NECC_C,SPP1+ macrophages
TAGGGTTGTGGGTCAA-5,NECC_C3,2,NECC_C,FOLR2+ macrophages
TCACACCCACGACAAG-5,NECC_C3,3,NECC_C,SPP1+ macrophages
TCGACCTTCCACGGAC-5,NECC_C3,3,NECC_C,SPP1+ macrophages
TCGGATAAGTAGGTTA-5,NECC_C3,3,NECC_C,SPP1+ macrophages
TCGGGACTCATTTGGG-5,NECC_C3,2,NECC_C,FOLR2+ macrophages
TCGTGCTGTATGATCC-5,NECC_C3,3,NECC_C,SPP1+ macrophages
TCGTGCTTCCATACAG-5,NECC_C3,4,NECC_C,CD20+ B_cells
TCTCTGGCAGAGACTG-5,NECC_C3,2,NECC_C,FOLR2+ macrophages
TCTTGCGAGCTCCATA-5,NECC_C3,6,NECC_C,CLEC12A+ monocytes
TCTTTGACACTCATAG-5,NECC_C3,4,NECC_C,CD20+ B_cells
TGCAGGCAGTCCCGGT-5,NECC_C3,6,NECC_C,CLEC12A+ monocytes
TGCAGTAAGTGTAGAT-5,NECC_C3,3,NECC_C,SPP1+ macrophages
TGGAACTCAGGTTTAC-5,NECC_C3,2,NECC_C,FOLR2+ macrophages
TGGAGAGGTGGCATCC-5,NECC_C3,2,NECC_C,FOLR2+ macrophages
TTACCGCGTTTGATCG-5,NECC_C3,4,NECC_C,CD20+ B_cells
TTACGTTGTCTTGAGT-5,NECC_C3,3,NECC_C,SPP1+ macrophages
TTAGTCTAGCGGATCA-5,NECC_C3,3,NECC_C,SPP1+ macrophages
TTCACGCGTGTACGCC-5,NECC_C3,3,NECC_C,SPP1+ macrophages
TTCATGTAGGGAACAA-5,NECC_C3,4,NECC_C,CD20+ B_cells
TTCCGGTGTGGCCTCA-5,NECC_C3,2,NECC_C,FOLR2+ macrophages
TTCTGTAAGCCGCACT-5,NECC_C3,1,NECC_C,THBS1+ monocytes
TTGCCTGAGAGGTTTA-5,NECC_C3,3,NECC_C,SPP1+ macrophages
TTGGGCGGTAACATCC-5,NECC_C3,3,NECC_C,SPP1+ macrophages
TTGGGTAAGGGTATAT-5,NECC_C3,3,NECC_C,SPP1+ macrophages
TTTACGTTCAGACCCG-5,NECC_C3,2,NECC_C,FOLR2+ macrophages
TTTCCTCGTCAATCTG-5,NECC_C3,6,NECC_C,CLEC12A+ monocytes
AAACCCACAACATCGT-6,NECC_E3,5,NECC_E,LAMP3+ mature_dendritic_cells
AAAGAACGTTGCCTAA-6,NECC_E3,4,NECC_E,CD20+ B_cells
AAAGGGCAGTCCGCCA-6,NECC_E3,4,NECC_E,CD20+ B_cells
AAAGGTACAGAGACTG-6,NECC_E3,4,NECC_E,CD20+ B_cells
AAAGTCCAGCTGAAGC-6,NECC_E3,3,NECC_E,SPP1+ macrophages
AACAAAGGTTCCTTGC-6,NECC_E3,2,NECC_E,FOLR2+ macrophages
AACCTTTCATTCTTCA-6,NECC_E3,3,NECC_E,SPP1+ macrophages
AACGGGATCGGCACTG-6,NECC_E3,1,NECC_E,THBS1+ monocytes
AAGATAGAGGACGCTA-6,NECC_E3,2,NECC_E,FOLR2+ macrophages
AAGCATCTCGAACTCA-6,NECC_E3,3,NECC_E,SPP1+ macrophages
AAGCGAGGTGCCTTCT-6,NECC_E3,2,NECC_E,FOLR2+ macrophages
AAGTGAAAGAACCCGA-6,NECC_E3,1,NECC_E,THBS1+ monocytes
AAGTGAACATCGCTAA-6,NECC_E3,2,NECC_E,FOLR2+ macrophages
AATGAAGAGTCAGAGC-6,NECC_E3,2,NECC_E,FOLR2+ macrophages
AATGGAACAGTCTGGC-6,NECC_E3,3,NECC_E,SPP1+ macrophages
AATGGAACATCACCAA-6,NECC_E3,2,NECC_E,FOLR2+ macrophages
AATGGAATCCGTGGTG-6,NECC_E3,4,NECC_E,CD20+ B_cells
AATTTCCAGGGCCTCT-6,NECC_E3,7,NECC_E,CD123+ plasmacytoid_dendritic_cells
ACAACCAAGGGTGAAA-6,NECC_E3,1,NECC_E,THBS1+ monocytes
ACAACCATCCAAGGGA-6,NECC_E3,1,NECC_E,THBS1+ monocytes
ACACAGTGTCATCGGC-6,NECC_E3,3,NECC_E,SPP1+ macrophages
ACATGCAAGGCTAGCA-6,NECC_E3,2,NECC_E,FOLR2+ macrophages
ACATTTCTCGACCATA-6,NECC_E3,7,NECC_E,CD123+ plasmacytoid_dendritic_cells
ACCAACACAAGAATAC-6,NECC_E3,3,NECC_E,SPP1+ macrophages
ACCATTTGTAGGACTG-6,NECC_E3,2,NECC_E,FOLR2+ macrophages
ACGATCAAGACTGGGT-6,NECC_E3,2,NECC_E,FOLR2+ macrophages
ACTTAGGTCGTAGCTA-6,NECC_E3,1,NECC_E,THBS1+ monocytes
ACTTTGTGTTCTCAGA-6,NECC_E3,4,NECC_E,CD20+ B_cells
AGAAGTAAGGTGAGCT-6,NECC_E3,3,NECC_E,SPP1+ macrophages
AGAGCAGCATGTCAGT-6,NECC_E3,2,NECC_E,FOLR2+ macrophages
AGATCCACAATACCTG-6,NECC_E3,2,NECC_E,FOLR2+ macrophages
AGCCAGCCAATTGTGC-6,NECC_E3,5,NECC_E,LAMP3+ mature_dendritic_cells
AGCGCTGTCTACGGTA-6,NECC_E3,2,NECC_E,FOLR2+ macrophages
AGGCTGCAGGTTCTAC-6,NECC_E3,2,NECC_E,FOLR2+ macrophages
AGGGCCTGTTTGAACC-6,NECC_E3,2,NECC_E,FOLR2+ macrophages
AGTGTTGCACTGCTTC-6,NECC_E3,2,NECC_E,FOLR2+ macrophages
AGTTCGAAGCCGTTGC-6,NECC_E3,1,NECC_E,THBS1+ monocytes
ATACCGACACCGCTGA-6,NECC_E3,3,NECC_E,SPP1+ macrophages
ATACCGATCCTGATAG-6,NECC_E3,3,NECC_E,SPP1+ macrophages
ATACCTTGTCTCGGGT-6,NECC_E3,2,NECC_E,FOLR2+ macrophages
ATATCCTGTGTACATC-6,NECC_E3,2,NECC_E,FOLR2+ macrophages
ATCACTTCAAGGTACG-6,NECC_E3,3,NECC_E,SPP1+ macrophages
ATCATTCCAAACTCGT-6,NECC_E3,3,NECC_E,SPP1+ macrophages
ATCCCTGGTTGCTAGT-6,NECC_E3,4,NECC_E,CD20+ B_cells
ATCCGTCAGTAGAATC-6,NECC_E3,1,NECC_E,THBS1+ monocytes
ATCGGCGAGGGTTTCT-6,NECC_E3,4,NECC_E,CD20+ B_cells
ATGAGTCTCGCTAGCG-6,NECC_E3,4,NECC_E,CD20+ B_cells
ATGCCTCAGCTGGAGT-6,NECC_E3,2,NECC_E,FOLR2+ macrophages
ATGCGATAGCTATCCA-6,NECC_E3,3,NECC_E,SPP1+ macrophages
ATGGGTTTCCGCAACG-6,NECC_E3,5,NECC_E,LAMP3+ mature_dendritic_cells
ATTCATCGTCCACTCT-6,NECC_E3,4,NECC_E,CD20+ B_cells
ATTCCTATCCGATCTC-6,NECC_E3,2,NECC_E,FOLR2+ macrophages
ATTCGTTCAGGGTCTC-6,NECC_E3,2,NECC_E,FOLR2+ macrophages
CAACAACGTCGGCTAC-6,NECC_E3,4,NECC_E,CD20+ B_cells
CAACAGTTCAAGATAG-6,NECC_E3,2,NECC_E,FOLR2+ macrophages
CAACCAAGTATGGTAA-6,NECC_E3,2,NECC_E,FOLR2+ macrophages
CAACCTCTCATCCTGC-6,NECC_E3,2,NECC_E,FOLR2+ macrophages
CAACGATCATTCTGTT-6,NECC_E3,2,NECC_E,FOLR2+ macrophages
CAACGGCAGACGATAT-6,NECC_E3,4,NECC_E,CD20+ B_cells
CAACGGCTCACGGGAA-6,NECC_E3,2,NECC_E,FOLR2+ macrophages
CAAGAGGCATTCACAG-6,NECC_E3,3,NECC_E,SPP1+ macrophages
CAATGACGTGTCCATA-6,NECC_E3,1,NECC_E,THBS1+ monocytes
CAATGACTCATTCTTG-6,NECC_E3,2,NECC_E,FOLR2+ macrophages
CACAGATGTTGATCGT-6,NECC_E3,2,NECC_E,FOLR2+ macrophages
CACCAAACATCGCTAA-6,NECC_E3,4,NECC_E,CD20+ B_cells
CACCGTTTCTATGCCC-6,NECC_E3,7,NECC_E,CD123+ plasmacytoid_dendritic_cells
CACGAATTCTAAACGC-6,NECC_E3,2,NECC_E,FOLR2+ macrophages
CACGGGTGTAGGCTCC-6,NECC_E3,7,NECC_E,CD123+ plasmacytoid_dendritic_cells
CACTGTCCACCCTGAG-6,NECC_E3,2,NECC_E,FOLR2+ macrophages
CACTTCGGTTGGACCC-6,NECC_E3,3,NECC_E,SPP1+ macrophages
CAGCACGCATCACAGT-6,NECC_E3,1,NECC_E,THBS1+ monocytes
CAGCCAGGTCTTTATC-6,NECC_E3,3,NECC_E,SPP1+ macrophages
CAGTGCGTCCTGTAAG-6,NECC_E3,2,NECC_E,FOLR2+ macrophages
CATAAGCCACATTCGA-6,NECC_E3,1,NECC_E,THBS1+ monocytes
CATAGACCAGAGGTAC-6,NECC_E3,4,NECC_E,CD20+ B_cells
CATCCCATCGCCTATC-6,NECC_E3,5,NECC_E,LAMP3+ mature_dendritic_cells
CATGCAATCCACATAG-6,NECC_E3,2,NECC_E,FOLR2+ macrophages
CATGCAATCCACGGAC-6,NECC_E3,4,NECC_E,CD20+ B_cells
CATGGATAGTCGCTAT-6,NECC_E3,3,NECC_E,SPP1+ macrophages
CATGGTATCCGCTAGG-6,NECC_E3,3,NECC_E,SPP1+ macrophages
CATTGAGAGGTTACAA-6,NECC_E3,3,NECC_E,SPP1+ macrophages
CATTGTTTCGAGATAA-6,NECC_E3,4,NECC_E,CD20+ B_cells
CCCAACTGTTGCATAC-6,NECC_E3,3,NECC_E,SPP1+ macrophages
CCGAACGTCTGGCCTT-6,NECC_E3,2,NECC_E,FOLR2+ macrophages
CCGTGAGCATTAAGCC-6,NECC_E3,4,NECC_E,CD20+ B_cells
CCTCAACTCCCTCAAC-6,NECC_E3,4,NECC_E,CD20+ B_cells
CCTCTCCTCGATTCCC-6,NECC_E3,5,NECC_E,LAMP3+ mature_dendritic_cells
CGAGTTAGTACGGATG-6,NECC_E3,4,NECC_E,CD20+ B_cells
CGCAGGTAGCCTGAGA-6,NECC_E3,5,NECC_E,LAMP3+ mature_dendritic_cells
CGCATAAAGTCTGCGC-6,NECC_E3,5,NECC_E,LAMP3+ mature_dendritic_cells
CGCCAGAGTATGCTTG-6,NECC_E3,5,NECC_E,LAMP3+ mature_dendritic_cells
CGCCAGATCTCAACCC-6,NECC_E3,2,NECC_E,FOLR2+ macrophages
CGCCATTGTGTGATGG-6,NECC_E3,4,NECC_E,CD20+ B_cells
CGCGTGATCCCAGTGG-6,NECC_E3,5,NECC_E,LAMP3+ mature_dendritic_cells
CGGAGAAAGCATAGGC-6,NECC_E3,4,NECC_E,CD20+ B_cells
CGGAGAAGTAGAATAC-6,NECC_E3,2,NECC_E,FOLR2+ macrophages
CGGGACTGTTGCATTG-6,NECC_E3,3,NECC_E,SPP1+ macrophages
CGTGATATCTAGTGAC-6,NECC_E3,2,NECC_E,FOLR2+ macrophages
CGTTAGAGTTTCCATT-6,NECC_E3,2,NECC_E,FOLR2+ macrophages
CTCAAGAAGACGAGCT-6,NECC_E3,3,NECC_E,SPP1+ macrophages
CTCCACATCGAACACT-6,NECC_E3,2,NECC_E,FOLR2+ macrophages
CTCCCTCTCGCTATTT-6,NECC_E3,3,NECC_E,SPP1+ macrophages
CTCTCAGAGAAGCGAA-6,NECC_E3,4,NECC_E,CD20+ B_cells
CTCTCAGCAAGAATAC-6,NECC_E3,7,NECC_E,CD123+ plasmacytoid_dendritic_cells
CTCTCAGTCTCCACTG-6,NECC_E3,4,NECC_E,CD20+ B_cells
CTGAGGCTCGCCCAGA-6,NECC_E3,5,NECC_E,LAMP3+ mature_dendritic_cells
CTGCCTAAGTATCCTG-6,NECC_E3,2,NECC_E,FOLR2+ macrophages
CTGCCTATCTGTCGTC-6,NECC_E3,2,NECC_E,FOLR2+ macrophages
CTGGCAGAGGGTCACA-6,NECC_E3,4,NECC_E,CD20+ B_cells
CTGGCAGCAACTGCCG-6,NECC_E3,5,NECC_E,LAMP3+ mature_dendritic_cells
CTGGTCTAGAAACTAC-6,NECC_E3,1,NECC_E,THBS1+ monocytes
CTTACCGGTTGTGCAT-6,NECC_E3,4,NECC_E,CD20+ B_cells
CTTCGGTAGGTTACAA-6,NECC_E3,4,NECC_E,CD20+ B_cells
CTTGATTCAGATCACT-6,NECC_E3,3,NECC_E,SPP1+ macrophages
GAACGTTCAATAGGAT-6,NECC_E3,3,NECC_E,SPP1+ macrophages
GAACGTTCATCGTCCT-6,NECC_E3,4,NECC_E,CD20+ B_cells
GAACTGTGTCGGTGTC-6,NECC_E3,7,NECC_E,CD123+ plasmacytoid_dendritic_cells
GACCAATGTGTCCAAT-6,NECC_E3,4,NECC_E,CD20+ B_cells
GACCCAGAGCCTGAGA-6,NECC_E3,2,NECC_E,FOLR2+ macrophages
GACCCTTAGACATCAA-6,NECC_E3,2,NECC_E,FOLR2+ macrophages
GACGCTGGTAGATCCT-6,NECC_E3,3,NECC_E,SPP1+ macrophages
GACGTTAGTATGCGGA-6,NECC_E3,4,NECC_E,CD20+ B_cells
GACTTCCCAGATAAAC-6,NECC_E3,5,NECC_E,LAMP3+ mature_dendritic_cells
GAGGGTACACCCTATC-6,NECC_E3,2,NECC_E,FOLR2+ macrophages
GAGTCATGTTGCACGC-6,NECC_E3,1,NECC_E,THBS1+ monocytes
GAGTGTTGTGTGACCC-6,NECC_E3,7,NECC_E,CD123+ plasmacytoid_dendritic_cells
GAGTTGTAGAGATGCC-6,NECC_E3,2,NECC_E,FOLR2+ macrophages
GATCATGGTGCCTTCT-6,NECC_E3,2,NECC_E,FOLR2+ macrophages
GATCCCTGTTCTAAGC-6,NECC_E3,4,NECC_E,CD20+ B_cells
GATGCTAAGCAGCAGT-6,NECC_E3,1,NECC_E,THBS1+ monocytes
GCAACATTCGGAGTAG-6,NECC_E3,4,NECC_E,CD20+ B_cells
GCACATAAGCATGCGA-6,NECC_E3,5,NECC_E,LAMP3+ mature_dendritic_cells
GCACATACAGCAGTTT-6,NECC_E3,4,NECC_E,CD20+ B_cells
GCAGCCAAGATCACCT-6,NECC_E3,4,NECC_E,CD20+ B_cells
GCATGATAGTTCTACG-6,NECC_E3,3,NECC_E,SPP1+ macrophages
GCCATTCCACCCATAA-6,NECC_E3,4,NECC_E,CD20+ B_cells
GCGAGAACAGAGAAAG-6,NECC_E3,2,NECC_E,FOLR2+ macrophages
GGAATGGGTAGAGTTA-6,NECC_E3,1,NECC_E,THBS1+ monocytes
GGATCTAGTGGCCCAT-6,NECC_E3,3,NECC_E,SPP1+ macrophages
GGGAGTACATACCACA-6,NECC_E3,4,NECC_E,CD20+ B_cells
GGGATGAGTTGCGAAG-6,NECC_E3,1,NECC_E,THBS1+ monocytes
GGGCGTTCAGGATCTT-6,NECC_E3,2,NECC_E,FOLR2+ macrophages
GGGCTCATCTTTCTAG-6,NECC_E3,2,NECC_E,FOLR2+ macrophages
GGGTCACCACCTTCGT-6,NECC_E3,2,NECC_E,FOLR2+ macrophages
GGGTCACGTACTGAGG-6,NECC_E3,4,NECC_E,CD20+ B_cells
GGGTCTGAGCACTCTA-6,NECC_E3,4,NECC_E,CD20+ B_cells
GGGTTATTCTCGACGG-6,NECC_E3,3,NECC_E,SPP1+ macrophages
GGGTTTACAAACTCGT-6,NECC_E3,4,NECC_E,CD20+ B_cells
GGTAACTGTGAATGTA-6,NECC_E3,4,NECC_E,CD20+ B_cells
GGTAATCGTGGTCTAT-6,NECC_E3,2,NECC_E,FOLR2+ macrophages
GGTTAACAGGGTTTCT-6,NECC_E3,3,NECC_E,SPP1+ macrophages
GTAAGTCCACCGCTGA-6,NECC_E3,4,NECC_E,CD20+ B_cells
GTACAACAGGAACTCG-6,NECC_E3,7,NECC_E,CD123+ plasmacytoid_dendritic_cells
GTAGATCCAAGAAATC-6,NECC_E3,2,NECC_E,FOLR2+ macrophages
GTCAAGTCATTGCTGA-6,NECC_E3,2,NECC_E,FOLR2+ macrophages
GTCACTCCAAGACCGA-6,NECC_E3,2,NECC_E,FOLR2+ macrophages
GTCATCCAGTGGTGGT-6,NECC_E3,2,NECC_E,FOLR2+ macrophages
GTCCCATTCAGCGTCG-6,NECC_E3,2,NECC_E,FOLR2+ macrophages
GTCTCACCAGAGCCCT-6,NECC_E3,4,NECC_E,CD20+ B_cells
GTGACGCAGGGACAGG-6,NECC_E3,4,NECC_E,CD20+ B_cells
GTGACGCTCCGCTGTT-6,NECC_E3,1,NECC_E,THBS1+ monocytes
GTGAGGAAGTCATAGA-6,NECC_E3,3,NECC_E,SPP1+ macrophages
GTGATGTGTCGCGTTG-6,NECC_E3,4,NECC_E,CD20+ B_cells
GTGCACGTCCTCCACA-6,NECC_E3,3,NECC_E,SPP1+ macrophages
GTGCGTGCAGCGTACC-6,NECC_E3,4,NECC_E,CD20+ B_cells
GTGGAGAAGGTACCTT-6,NECC_E3,2,NECC_E,FOLR2+ macrophages
GTGGCGTTCCACAAGT-6,NECC_E3,1,NECC_E,THBS1+ monocytes
GTGGCGTTCTTAGGAC-6,NECC_E3,2,NECC_E,FOLR2+ macrophages
GTGGTTACAGGTCAGA-6,NECC_E3,4,NECC_E,CD20+ B_cells
GTGTAACCAAGCCTGC-6,NECC_E3,4,NECC_E,CD20+ B_cells
GTTACAGGTACGTACT-6,NECC_E3,3,NECC_E,SPP1+ macrophages
GTTATGGAGTTTGGCT-6,NECC_E3,2,NECC_E,FOLR2+ macrophages
GTTGTAGTCCTGTAGA-6,NECC_E3,4,NECC_E,CD20+ B_cells
GTTGTCCAGAGCAGCT-6,NECC_E3,5,NECC_E,LAMP3+ mature_dendritic_cells
TAACGACGTTGCAAGG-6,NECC_E3,2,NECC_E,FOLR2+ macrophages
TAATTCCAGCTAAATG-6,NECC_E3,1,NECC_E,THBS1+ monocytes
TACCCACTCATCCCGT-6,NECC_E3,1,NECC_E,THBS1+ monocytes
TACCGAACATCGTTCC-6,NECC_E3,3,NECC_E,SPP1+ macrophages
TACCTCGGTTATAGCC-6,NECC_E3,3,NECC_E,SPP1+ macrophages
TACTTGTTCTGAACGT-6,NECC_E3,2,NECC_E,FOLR2+ macrophages
TAGAGTCAGAGCCCAA-6,NECC_E3,3,NECC_E,SPP1+ macrophages
TAGAGTCGTGAGCCAA-6,NECC_E3,3,NECC_E,SPP1+ macrophages
TATCGCCGTACGACAG-6,NECC_E3,3,NECC_E,SPP1+ macrophages
TATTGCTTCTGAGTCA-6,NECC_E3,2,NECC_E,FOLR2+ macrophages
TCACGCTCACTGCATA-6,NECC_E3,3,NECC_E,SPP1+ macrophages
TCACTATCACCTATCC-6,NECC_E3,2,NECC_E,FOLR2+ macrophages
TCAGTCCAGTCATGAA-6,NECC_E3,2,NECC_E,FOLR2+ macrophages
TCATACTTCAAGCTGT-6,NECC_E3,2,NECC_E,FOLR2+ macrophages
TCATCCGGTCTGCAAT-6,NECC_E3,2,NECC_E,FOLR2+ macrophages
TCATGCCCAGACCCGT-6,NECC_E3,2,NECC_E,FOLR2+ macrophages
TCATTGTAGATTGTGA-6,NECC_E3,2,NECC_E,FOLR2+ macrophages
TCATTTGTCGTGAGAG-6,NECC_E3,2,NECC_E,FOLR2+ macrophages
TCCATGCAGGGTCACA-6,NECC_E3,3,NECC_E,SPP1+ macrophages
TCCATGCGTATGTGTC-6,NECC_E3,2,NECC_E,FOLR2+ macrophages
TCCCAGTCAGCGCTTG-6,NECC_E3,2,NECC_E,FOLR2+ macrophages
TCCCATGTCCCGATCT-6,NECC_E3,2,NECC_E,FOLR2+ macrophages
TCCGAAAAGTTCATGC-6,NECC_E3,4,NECC_E,CD20+ B_cells
TCCTCTTTCGCACGGT-6,NECC_E3,7,NECC_E,CD123+ plasmacytoid_dendritic_cells
TCCTTCTTCCCGAGGT-6,NECC_E3,2,NECC_E,FOLR2+ macrophages
TCGATTTAGCGCAATG-6,NECC_E3,4,NECC_E,CD20+ B_cells
TCGCTTGGTCGCATCG-6,NECC_E3,4,NECC_E,CD20+ B_cells
TCGGGTGGTCGCTTAA-6,NECC_E3,3,NECC_E,SPP1+ macrophages
TCGGGTGTCTGAGGCC-6,NECC_E3,2,NECC_E,FOLR2+ macrophages
TCGTGCTGTGACGCCT-6,NECC_E3,2,NECC_E,FOLR2+ macrophages
TCGTGCTTCTTTGCTA-6,NECC_E3,3,NECC_E,SPP1+ macrophages
TGACAGTAGGGCAGTT-6,NECC_E3,1,NECC_E,THBS1+ monocytes
TGAGCATAGCGTATAA-6,NECC_E3,2,NECC_E,FOLR2+ macrophages
TGAGCGCCAACACGTT-6,NECC_E3,3,NECC_E,SPP1+ macrophages
TGAGTCAGTAGTCGTT-6,NECC_E3,3,NECC_E,SPP1+ macrophages
TGATCAGCAAGAGATT-6,NECC_E3,4,NECC_E,CD20+ B_cells
TGCAGATAGAGAGCAA-6,NECC_E3,2,NECC_E,FOLR2+ macrophages
TGCTTGCCATACTTTC-6,NECC_E3,1,NECC_E,THBS1+ monocytes
TGGAACTGTCAATGGG-6,NECC_E3,2,NECC_E,FOLR2+ macrophages
TGGAGAGCACAGTGAG-6,NECC_E3,5,NECC_E,LAMP3+ mature_dendritic_cells
TGGATCATCATGCGGC-6,NECC_E3,1,NECC_E,THBS1+ monocytes
TGGGAGAAGTCCTGCG-6,NECC_E3,4,NECC_E,CD20+ B_cells
TGGGAGAGTCCACGCA-6,NECC_E3,5,NECC_E,LAMP3+ mature_dendritic_cells
TGGGAGAGTGGCTTGC-6,NECC_E3,2,NECC_E,FOLR2+ macrophages
TGGTACAAGGTTGGAC-6,NECC_E3,3,NECC_E,SPP1+ macrophages
TGTACAGGTAGCACGA-6,NECC_E3,3,NECC_E,SPP1+ macrophages
TGTCAGACAGGCACAA-6,NECC_E3,2,NECC_E,FOLR2+ macrophages
TGTCCTGTCAGAGTTC-6,NECC_E3,3,NECC_E,SPP1+ macrophages
TGTGCGGCAAAGTGTA-6,NECC_E3,2,NECC_E,FOLR2+ macrophages
TGTGCGGCAAGGATGC-6,NECC_E3,3,NECC_E,SPP1+ macrophages
TGTGCGGCATCATTGG-6,NECC_E3,2,NECC_E,FOLR2+ macrophages
TGTGTGATCACCTCAC-6,NECC_E3,3,NECC_E,SPP1+ macrophages
TGTTCATAGGTACCTT-6,NECC_E3,2,NECC_E,FOLR2+ macrophages
TGTTCTAAGGGTGGGA-6,NECC_E3,5,NECC_E,LAMP3+ mature_dendritic_cells
TTCACCGCAAATAGCA-6,NECC_E3,3,NECC_E,SPP1+ macrophages
TTCACCGCAATAGTCC-6,NECC_E3,2,NECC_E,FOLR2+ macrophages
TTCCGTGAGGCATTTC-6,NECC_E3,3,NECC_E,SPP1+ macrophages
TTCGCTGCACACGCCA-6,NECC_E3,3,NECC_E,SPP1+ macrophages
TTCTGTACAAAGCTAA-6,NECC_E3,2,NECC_E,FOLR2+ macrophages
TTGACCCGTCGCGTTG-6,NECC_E3,3,NECC_E,SPP1+ macrophages
TTGCGTCCAGACCAGA-6,NECC_E3,2,NECC_E,FOLR2+ macrophages
TTGCGTCTCTCGCAGG-6,NECC_E3,3,NECC_E,SPP1+ macrophages
TTTACGTCAGGCGAAT-6,NECC_E3,3,NECC_E,SPP1+ macrophages
TTTGGAGAGTTAACGA-6,NECC_E3,4,NECC_E,CD20+ B_cells
